Price,Close,High,Low,Open,Volume
Ticker,AAPL,AAPL,AAPL,AAPL,AAPL
Date,,,,,
2020-01-02,72.71607971191406,72.77660582997152,71.46681974859514,71.7210264890596,135480400
2020-01-03,72.00912475585938,72.7717522953066,71.78396939069293,71.94133580542943,146322800
2020-01-06,72.58290100097656,72.62163859417052,70.87606782262263,71.12785848416316,118387200
2020-01-07,72.24153900146484,72.84921605109494,72.02122310005907,72.59258596559819,108872000
2020-01-08,73.4036636352539,73.70629425897245,71.9437738019734,71.9437738019734,132079200
2020-01-09,74.96279907226562,75.15647966923257,74.13238261481911,74.3841659131879,170108400
2020-01-10,75.13225555419922,75.69878635468899,74.62868165074606,75.19762847110803,140644800
2020-01-13,76.73741149902344,76.76404682603398,75.3307854721379,75.44942165682815,121532000
2020-01-14,75.70120239257812,76.88509646087522,75.57773417210761,76.67446681398555,161954400
2020-01-15,75.37678527832031,76.3839404992497,74.9434163205122,75.50026089033786,121923600
2020-01-16,76.32101440429688,76.4323877854954,75.55838676505513,75.92154348740286,108829200
2020-01-17,77.16593933105469,77.16835535095495,76.26288724448004,76.57035717765905,137816400
2020-01-21,76.64301300048828,77.23616451241722,76.50501168087581,76.79311658809118,110843200
2020-01-22,76.91658782958984,77.47100170840719,76.82216354627624,77.12963354237134,101832400
2020-01-23,77.28700256347656,77.3668937772688,76.42026453610515,76.96984634011159,104472000
2020-01-24,77.06427764892578,78.27963949778808,76.87301303795586,77.53396093858308,146537600
2020-01-27,74.79817962646484,75.48090862271498,73.81281265158368,75.06691204410036,161940000
2020-01-28,76.9141616821289,77.08605376922371,75.58258723533865,75.6818509443487,162234000
2020-01-29,78.52415466308594,79.37394362780475,77.80752757594179,78.55078999397739,216229200
2020-01-30,78.41033935546875,78.46360261120107,77.17076619126824,77.60413507252484,126743200
2020-01-31,74.9337387084961,78.12224966790679,74.63837103116171,77.69856694811635,199588400
2020-02-03,74.72796630859375,75.89732764326911,73.16881293673191,73.67238698147514,173788400
2020-02-04,77.19499969482422,77.38626426505087,75.93121426303615,76.33794793595989,136616400
2020-02-05,77.82447814941406,78.62584328517734,77.21921702642419,78.32562874403418,118826800
2020-02-06,78.73477172851562,78.73719513687406,77.53635935306664,78.09561993929752,105425600
2020-02-07,77.66456604003906,78.48239314790939,77.17192792843306,78.23243405494627,117684000
2020-02-10,78.03343200683594,78.03343200683594,76.16480809009461,76.24488890405078,109348800
2020-02-11,77.5626449584961,78.60374012100387,77.34423530217373,78.53093937088862,94323200
2020-02-12,79.40459442138672,79.40944533661985,78.01404068842541,78.01404068842541,113730400
2020-02-13,78.83911895751953,79.16673706133996,78.4702495744921,78.6740990287421,94747600
2020-02-14,78.85855102539062,79.10851012138082,78.34892359887368,78.80758309855572,80113600
2020-02-18,77.41461944580078,77.59662873916865,76.34925482708518,76.53126412045305,152531200
2020-02-19,78.53578186035156,78.76632988761132,77.65728500864738,77.65728500864738,93984000
2020-02-20,77.73009490966797,78.78575023333428,77.22289659591061,78.29554123010857,100566000
2020-02-21,75.97065734863281,77.76648785830864,75.35182886622782,77.32238114469776,129554000
2020-02-24,72.3620376586914,73.8181119648714,70.19006459555902,72.13877707909086,222195200
2020-02-25,69.91095733642578,73.41767156165426,69.4377377687625,73.03424203168211,230673600
2020-02-26,71.02001953125,72.28923357582319,69.5275449173606,69.53482499231708,198054800
2020-02-27,66.3775634765625,69.40620033933959,66.24166381662789,68.21707461192374,320605600
2020-02-28,66.3387222290039,67.5642555180985,62.21560874045817,62.43159658691093,426510000
2020-03-02,72.51492309570312,73.15317015362184,67.39682304876307,68.50343887480543,341397200
2020-03-03,70.21189880371094,73.77442519005979,69.3576638774749,73.69434436871329,319475600
2020-03-04,73.4686508178711,73.62881987433597,71.13650877871662,71.93977581539738,219178400
2020-03-05,71.08554077148438,72.69449642985231,70.71909308665877,71.71650028960082,187572800
2020-03-06,70.14151763916016,70.5759151634938,68.24862422437134,68.43548440571074,226176800
2020-03-09,64.5938720703125,67.48660157527603,63.82457638904733,64.00658563730508,286744800
2020-03-10,69.24603271484375,69.5129811258908,65.37044835521063,67.25606913589775,285290000
2020-03-11,66.8410873413086,68.24620108036899,65.97472137640763,67.31674360006403,255598800
2020-03-12,60.24021530151367,65.52333888472222,60.18440016078189,62.111272274536645,418474000
2020-03-13,67.45748138427734,67.93070839286551,61.38565181622262,64.28324334840872,370732000
2020-03-16,58.77928924560547,62.87327957704444,58.24296696218062,58.71619032815072,322423600
2020-03-17,61.363826751708984,62.5165485741774,57.854685943845006,60.06549231026202,324056000
2020-03-18,59.861637115478516,60.66975874633833,57.54405159077075,58.187153255274865,300233600
2020-03-19,59.40297317504883,61.35896558109421,58.87636011980493,60.036365596883776,271857200
2020-03-20,55.631736755371094,61.11385462075303,55.330813454385684,59.98539501929856,401693200
2020-03-23,54.44989013671875,55.45215566699075,51.59598621533572,55.35023092369006,336752800
2020-03-24,59.912593841552734,60.10916324280381,56.85969151927787,57.359609676283746,287531200
2020-03-25,59.582550048828125,62.67185273031452,59.286481367958,60.85176020184459,303602000
2020-03-26,62.71796798706055,62.77620858330938,59.78640491258839,59.82523444541299,252087200
2020-03-27,60.121299743652344,62.094277592448684,59.9538506329564,61.337120260245676,204216800
2020-03-30,61.83704376220703,62.0093475048291,60.52414930589501,60.849342024154396,167976400
2020-03-31,61.710845947265625,63.70081315714961,61.15511262455559,62.02875857181586,197002000
2020-04-01,58.46380615234375,60.35912878890937,58.031837774101646,59.82038104472191,176218400
2020-04-02,59.43938064575195,59.49277033542223,57.49066808175266,58.32548464424578,165934000
2020-04-03,58.585140228271484,59.626231543601605,57.99300285608874,58.9224639013772,129880000
2020-04-06,63.69597625732422,63.85128701213313,60.51930809689075,60.888177619792245,201820400
2020-04-07,62.95822525024414,65.93590198494132,62.853875034378305,65.71748491139161,202887200
2020-04-08,64.5696029663086,64.88508270225176,63.395037501230945,63.76147775323179,168895200
2020-04-09,65.03556823730469,65.54034490177258,64.2371593478181,65.2078757268952,161834800
2020-04-13,66.31202697753906,66.42123547383505,64.51134580427787,65.11319230173434,131022800
2020-04-14,69.66102600097656,69.95224385539356,67.47691431078215,67.95014147271534,194994800
2020-04-15,69.02519989013672,69.4862886004415,68.10302246952716,68.53256171861511,131154400
2020-04-16,69.57365417480469,69.94010189303526,68.52042803590564,69.74110330393147,157125200
2020-04-17,68.62963104248047,69.63675500516926,67.1881169210457,69.08829799292641,215250000
2020-04-20,67.20508575439453,68.35781086823624,67.1856746953165,67.45262304497999,130015200
2020-04-21,65.12776947021484,67.28276042085989,64.41429253639382,67.0473614677832,180991600
2020-04-22,67.003662109375,67.44048127350013,66.05721564978785,66.39938646496721,116862400
2020-04-23,66.7440185546875,68.37482206031547,66.70518901812768,66.94786806714389,124814400
2020-04-24,68.67089080810547,68.6806000437413,67.22209658899173,67.27063536119402,126161200
2020-04-27,68.71941375732422,69.05188279302438,67.93798710304658,68.38693731564892,117087600
2020-04-28,67.60550689697266,69.36492949955759,67.51329510571802,69.18292026480744,112004800
2020-04-29,69.82604217529297,70.29684010085327,68.89415555935265,69.0980050622793,137280800
2020-04-30,71.29910278320312,71.47626115798072,69.976506388418,70.36721610873765,183064000
2020-05-01,70.1512451171875,72.56104666200604,69.36981816458832,69.46688831772317,240616800
2020-05-04,71.14378356933594,71.27240315582554,69.48385993378157,70.17549663342325,133568000
2020-05-05,72.21157836914062,73.04639490337159,71.45927182415636,71.60488073705282,147751200
2020-05-06,72.95659637451172,73.58998507405805,72.52947892116252,72.91533768168664,142333600
2020-05-07,73.71133422851562,74.05837090774547,73.28179496479571,73.58514378532654,115215200
2020-05-08,75.46576690673828,75.51930110394392,74.04468608439737,74.37319104788544,133838400
2020-05-11,76.65325927734375,77.14965926401848,74.7625342106639,74.97180698726206,145946400
2020-05-12,75.7772445678711,77.79206581684177,75.65557660011677,77.3394571152635,162301200
2020-05-13,74.86229705810547,76.88198972405412,73.78188493945902,75.95730873840742,200622400
2020-05-14,75.32221221923828,75.38304620688119,73.37308887883164,74.09823268490378,158929200
2020-05-15,74.87691497802734,74.92314940994656,73.0518950634004,73.08596566629879,166348400
2020-05-18,76.6410903930664,77.01582984347145,75.51201542213853,76.20552437986748,135178400
2020-05-19,76.1982421875,77.50738369119736,76.1666073178484,76.65814338759236,101729600
2020-05-20,77.68014526367188,77.75070734904016,77.02069943070256,77.05963407747018,111504800
2020-05-21,77.10100555419922,78.08408497746194,76.86253362412333,77.54144307709652,102688800
2020-05-22,77.59741973876953,77.68015308672346,76.73600822909283,76.83820518937846,81803200
2020-05-26,77.0718002319336,78.89924821688763,77.01583028852903,78.71918198527375,125522000
2020-05-27,77.40760803222656,77.55361111108796,76.18606403867054,76.92824326203885,112945200
2020-05-28,77.44166564941406,78.70457981685169,76.80412665218442,77.08152577208277,133560800
2020-05-29,77.36624145507812,78.14734786532948,77.00853727030466,77.68501099224073,153532400
2020-06-01,78.31769561767578,78.43936362161003,77.18861297667372,77.32001650020989,80791200
2020-06-02,78.68024444580078,78.70457952577789,77.6071320252172,78.05000523231972,87642800
2020-06-03,79.11338806152344,79.37619506332315,78.4271788552984,79.00145559647322,104491200
2020-06-04,78.43204498291016,79.23505064541881,78.05730554159499,78.93575218035002,87560400
2020-06-05,80.6658706665039,80.72670465644849,78.65348495250613,78.68268407951567,137250400
2020-06-08,81.14281463623047,81.17688523826865,79.64873556537788,80.36170821177842,95654400
2020-06-09,83.70513153076172,84.09933458379527,80.7899715861673,80.82160644800746,147712400
2020-06-10,85.8586654663086,86.32830212094579,84.21614761710595,84.65658514258793,166651600
2020-06-11,81.7365493774414,85.42552350785493,81.63435243044103,84.99968556796321,201662400
2020-06-12,82.44220733642578,84.63223063265221,81.32773208201846,83.88275926094929,200146000
2020-06-15,83.46179962158203,84.11637395651466,80.9286713541559,81.0917097169114,138808800
2020-06-16,85.67372131347656,85.94626382585014,83.88277221688082,85.52285420682057,165428800
2020-06-17,85.55449676513672,86.48160625971012,85.43282877449953,86.42077226439153,114406400
2020-06-18,85.58856964111328,86.00710783706685,84.9777939355582,85.51070034279051,96820400
2020-06-19,85.09944915771484,86.76386617293707,83.9874020783935,86.29666530516798,264476000
2020-06-22,87.32598876953125,87.46955611781256,85.44743456028412,85.49366899417434,135445200
2020-06-23,89.18992614746094,90.61344295119446,88.1533126161021,88.57428648623221,212155600
2020-06-24,87.61555480957031,89.7398806476171,87.24081531062652,88.81763517839552,192623200
2020-06-25,88.77869415283203,88.81762879904495,87.0096443292993,87.77128710141119,137522400
2020-06-26,86.05088806152344,88.89548574168278,85.90244927933195,88.67404914924855,205256800
2020-06-29,88.0340805053711,88.12898509123728,85.47905300682135,85.9584251297807,130646000
2020-06-30,88.7689437866211,89.05608582615886,87.60093429970102,87.62039790653964,140223200
2020-07-01,88.6010513305664,89.39189318717276,88.55238859500506,88.84682302233178,110737200
2020-07-02,88.6010513305664,90.14867187148857,88.48669056028642,89.51113285524976,114041600
2020-07-06,90.97115325927734,91.44078989598016,90.00267343180715,90.03430829585879,118655600
2020-07-07,90.68888854980469,92.13186915393193,90.57695607635445,91.35076272390052,112424400
2020-07-08,92.80101776123047,92.83265261870064,91.58190243701405,91.6695072289332,117092000
2020-07-09,93.20010375976562,93.75003795219516,92.14889068283713,93.6965037466287,125642800
2020-07-10,93.3631362915039,93.42154196968667,92.18052712914378,92.79373105488341,90257200
2020-07-13,92.93243408203125,97.29058186234049,92.71829725665447,94.67228464918172,191649200
2020-07-14,94.47032928466797,94.66255936029044,91.37509535164902,92.31193292486347,170989200
2020-07-15,95.12002563476562,96.60194074558854,93.91794539378512,96.35130500289155,153198000
2020-07-16,93.94957733154297,94.8085529497705,93.3485372297674,93.98851197519926,110577600
2020-07-17,93.759765625,94.55790717010848,93.2852575959958,94.4021760380504,92186800
2020-07-20,95.73564147949219,95.87434472491826,93.50181969682701,93.84735994272707,90318000
2020-07-21,94.41436004638672,96.60438386189568,94.16372428454169,96.52895030233236,103433200
2020-07-22,94.67955780029297,95.36333103726028,94.02741941627077,94.11501676963712,89001600
2020-07-23,90.37010192871094,94.48977758073065,89.55736078613936,94.41190829825081,197004400
2020-07-24,90.14623260498047,90.4917729162458,86.76872848149942,88.56212064394785,185438800
2020-07-27,92.28273010253906,92.37519895851747,90.98818839691468,91.21205332883926,121214000
2020-07-28,90.76673889160156,92.02965297999799,90.76186742027873,91.852015075252,103625600
2020-07-29,92.50659942626953,92.69153713216036,91.21448607300921,91.2509849817971,90329200
2020-07-30,93.62593078613281,93.73056344929799,91.2680051315171,91.67680769413195,158130000
2020-07-31,103.42752838134766,103.57839550277167,98.13739905674298,100.14249260806086,374336800
2020-08-03,106.03363037109375,108.66165541676666,105.01648797674454,105.31578641481019,308151200
2020-08-04,106.74172973632812,107.83674131660311,105.49827939141747,106.22342306683436,173071600
2020-08-05,107.12864685058594,107.44985207142959,105.9947004868368,106.46190875588427,121776800
2020-08-06,110.86628723144531,111.36269464253704,106.87071514088169,107.46201970975673,202428800
2020-08-07,108.34564208984375,110.84433215828633,107.54606156551858,110.38603464323198,198045600
2020-08-10,109.92044830322266,110.94186486752692,107.26086549559103,109.79612082851325,212403600
2020-08-11,106.65142822265625,109.68154587218592,106.3905875156011,109.18181072713648,187902400
2020-08-12,110.19590759277344,110.45430815645663,107.55095084699191,107.74596761374468,165598000
2020-08-13,112.14610290527344,113.15289349736156,111.09055440270924,111.58054387716682,210082000
2020-08-14,112.0461654663086,112.13636091412904,110.23004099312963,111.97059590519345,165565200
2020-08-17,111.75363159179688,113.19678105887246,111.1246961523291,113.17240210150105,119561600
2020-08-18,112.68486022949219,113.11146597400622,111.1685812285572,111.50499152025161,105633600
2020-08-19,112.82624816894531,114.2450187969475,112.73117989850726,113.09440184356299,145538000
2020-08-20,115.32981872558594,115.44439313878651,112.85062660991147,112.86769262535736,126907200
2020-08-21,121.2730484008789,121.75815770513448,116.2805395387213,116.29272529875644,338054800
2020-08-24,122.72347259521484,125.57807915731564,120.85128503311087,125.49274910090045,345937600
2020-08-25,121.71671295166016,122.0628763223725,119.98835110470337,121.59239290506812,211495600
2020-08-26,123.37194061279297,123.83023825240734,121.96779591940656,123.03797045440116,163022400
2020-08-27,121.89708709716797,124.3104548230282,120.74890305425278,123.97648471809909,155552400
2020-08-28,121.69965362548828,123.29393490492009,121.47537761438699,122.87464209761984,187630000
2020-08-31,125.82672119140625,127.73792106083117,122.86242789057044,124.40308551783176,225702700
2020-09-01,130.8387451171875,131.44331646895694,127.27964057724809,129.45410665665014,151948100
2020-09-02,128.12799072265625,134.54414333091748,123.83756147352996,134.16385535146685,200119000
2020-09-03,117.86991882324219,125.6317029665103,117.4993840248377,123.7497697667033,257599600
2020-09-04,117.94794464111328,120.6197131497007,108.1287004650969,117.08010734336685,332607200
2020-09-08,110.0106430053711,116.02700063472479,109.87412977263537,111.11250193799896,231366600
2020-09-09,114.39859008789062,116.17326959342994,112.38988895508609,114.34008654092767,176940500
2020-09-10,110.66397094726562,117.4994162494611,109.69862512916494,117.36290300000906,182274400
2020-09-11,109.21106719970703,112.3606396431834,107.26086957114084,111.71707085483806,180860300
2020-09-14,112.48738098144531,113.04318691497308,109.99113081534341,111.86331843991984,140150100
2020-09-15,112.66291046142578,115.87098624147585,110.78096957645455,115.38343686650313,184642000
2020-09-16,109.33782958984375,113.11146475601348,109.250074265693,112.36064192709577,154679000
2020-09-17,107.5923843383789,109.40606847088276,106.00297617469543,106.98782792048597,178011000
2020-09-18,104.17953491210938,108.11893430232509,103.44821093361564,107.65089112215993,287104900
2020-09-21,107.33887481689453,107.44613627717712,100.53268210169752,101.93682671673261,195713800
2020-09-22,109.02578735351562,110.04964400266275,106.4417816531773,109.87412593250646,183055400
2020-09-23,104.45259094238281,109.31833209532834,104.11130039514165,108.84053574437004,150718700
2020-09-24,105.52519226074219,107.5046416144481,102.38537296614106,102.55113797500798,167743300
2020-09-25,109.48406982421875,109.64008917143079,104.9888646745863,105.72994169501956,149981400
2020-09-28,112.09735870361328,112.44839487161504,109.97164299267533,112.14611662005213,137672400
2020-09-29,111.2490005493164,112.43862208344467,110.74195252856961,111.69755247153874,99382200
2020-09-30,112.92618560791016,114.34008328098176,110.79072437109879,110.95648937570999,142675200
2020-10-01,113.88179779052734,114.78864003617267,112.94570376912151,114.71063034120202,116120400
2020-10-02,110.20564270019531,112.49713040750103,109.42556826825921,110.07888255785136,144712000
2020-10-05,113.5989990234375,113.74526531692963,110.72246082221426,111.07349695083026,106243800
2020-10-06,110.34217834472656,113.22846975785129,109.45483490950848,112.81892262806667,161498200
2020-10-07,112.21437072753906,112.6726683499166,111.28802241183179,111.76582617611366,96849000
2020-10-08,112.10711669921875,113.50150836130557,111.73657437259953,113.35524204497766,83477200
2020-10-09,114.05729675292969,114.08654852378359,112.05834143123505,112.4093775603074,100506900
2020-10-12,121.30227661132812,122.06285238723022,116.3097687190557,117.0703444949578,240226800
2020-10-13,118.08445739746094,122.26763193691325,116.67056718260892,122.15061740846656,262330500
2020-10-14,118.17223358154297,119.9664119184526,116.64132866428777,117.98696241696997,150712000
2020-10-15,117.70417785644531,118.1819741959685,115.20792725389234,115.7637332845987,112559200
2020-10-16,116.05624389648438,118.52324985437662,115.85147406239771,118.25996903954183,115393800
2020-10-19,113.09196472167969,117.42139843534454,112.77993339601544,116.97285386966553,120639300
2020-10-20,114.58386993408203,116.01726645875162,112.75067930305906,113.3064853596234,124423700
2020-10-21,113.95979309082031,115.75397121203213,113.55024596366279,113.76476887802791,89946000
2020-10-22,112.86768341064453,115.10066050216787,111.7365652586778,114.52534835538113,101988000
2020-10-23,112.17536163330078,113.64776283593191,111.43428449669388,113.49174346426179,82572600
2020-10-26,112.18510437011719,113.647752367436,110.06913461337588,111.17100086591333,111850700
2020-10-27,113.6965103149414,114.35957774824622,111.68780931378838,112.61415013058482,92276800
2020-10-28,108.43098449707031,112.55565572913613,108.33347610413212,112.1851208602056,143937800
2020-10-29,112.4483871459961,114.01829672297495,109.40607637880336,109.57184881965813,146129200
2020-10-30,106.14925384521484,109.20131035012999,105.03764183054732,108.29446818664717,190272600
2020-11-02,106.06147003173828,107.92391190377485,104.64758005639182,106.39300741980334,122866900
2020-11-03,107.68990325927734,108.71375243491438,106.02248536802898,106.92932746040049,107624400
2020-11-04,112.08760833740234,112.71167099792935,109.55235284908468,111.29778066004462,138235500
2020-11-05,116.06600189208984,116.64131401748298,113.95979248109225,115.01289346688455,126387100
2020-11-06,115.93415832519531,116.4323113514343,113.43359348677035,115.57274661299846,114457900
2020-11-09,113.61917114257812,119.1575178931427,113.35544353875275,117.70211621905518,154515300
2020-11-10,113.27729034423828,114.85967074705178,111.48000948330214,112.86704412515682,138023400
2020-11-11,116.71556091308594,116.85230965844065,113.73638330100388,114.46896905922455,112295000
2020-11-12,116.44205474853516,117.73140528886907,115.81691554426702,116.84253851027572,103162300
2020-11-13,116.49090576171875,116.8913821021024,115.13318074907436,116.66672664224632,81581900
2020-11-16,117.50675964355469,118.1807334795776,115.40667896087977,116.15879706701332,91183000
2020-11-17,116.61788940429688,117.86816796066498,116.19787325311871,116.7741779499669,74271000
2020-11-18,115.28946685791016,117.03790584258053,115.26016461858715,115.85600165898173,76322100
2020-11-19,115.88529968261719,116.29554592271136,114.09778862645973,114.85967663013399,74113000
2020-11-20,114.61548614501953,116.0122833606363,114.566651563308,115.88530450548863,73604300
2020-11-23,111.2065200805664,114.88898878015578,111.1088434668693,114.45920273719096,127959300
2020-11-24,112.4958724975586,113.16008391412161,109.97577558304761,111.26513373188881,113874200
2020-11-25,113.33590698242188,114.0391905490455,112.49587466142678,112.86705623950492,76499200
2020-11-27,113.88288879394531,114.76199315028312,113.52148460740729,113.86335645369218,46691300
2020-11-30,116.28577423095703,118.16119185275043,114.0977795532842,114.2540680812239,169410200
2020-12-01,119.87056732177734,120.60315308283555,117.22349166609008,118.20027268083436,127728200
2020-12-02,120.22220611572266,120.5054734972761,118.08305336151587,119.1868131981227,89004200
2020-12-03,120.08546447753906,120.90595698113327,119.37241103320297,120.65199182191449,78967600
2020-12-04,119.41149139404297,120.00732847079844,118.69843790059431,119.75336329408746,78260400
2020-12-07,120.87666320800781,121.67762342572043,119.41149153275923,119.47009601504965,86712000
2020-12-08,121.49201965332031,122.07809422262514,120.23197125291128,121.48225720881356,82225500
2020-12-09,118.95240020751953,123.02557557317189,118.19051214801601,121.63854821088353,115089200
2020-12-10,120.37848663330078,120.99386342394624,117.36023696350695,117.70210881817248,81312200
2020-12-11,119.56777954101562,119.90965143989179,117.75096607584693,119.58731188427349,86939800
2020-12-14,118.95240020751953,120.48594622407741,118.71797483203729,119.75336040497812,79184500
2020-12-15,124.9107437133789,124.9302835054043,121.2478151945667,121.45293829735053,157243700
2020-12-16,124.84237670898438,125.389371682003,123.62140046403383,124.45167027239827,98208600
2020-12-17,125.71170806884766,126.571280093327,125.06702905048816,125.9070612822762,94359800
2020-12-18,123.71910095214844,126.10244928345861,123.19163825002659,125.96570052204723,192541500
2020-12-21,125.25263214111328,125.33077641507083,120.58361982974765,122.11716580798591,121251600
2020-12-22,128.81787109375,131.2891256020313,126.63963893467688,128.5541360749688,168904800
2020-12-23,127.91925048828125,129.355104892956,127.74342215221154,129.09138474559504,88223700
2020-12-24,128.90579223632812,130.36120131987872,128.0559975194573,128.27089053594116,54930100
2020-12-28,133.51625061035156,134.15115255217725,130.4100780391937,130.87894383772772,124486200
2020-12-29,131.73849487304688,135.56747594651134,131.22080195396242,134.84466729205403,121047300
2020-12-30,130.6151885986328,132.8324861865817,130.30261144768895,132.43200230112197,96452100
2020-12-31,129.6090850830078,131.6114892963398,128.66160623432629,130.9668102005262,99116600
2021-01-04,126.4052505493164,130.50772834489013,123.81677904513954,130.4198216196165,143301900
2021-01-05,127.96809387207031,128.6811548471336,125.44799670124497,125.89732259094927,97664900
2021-01-06,123.66047668457031,128.00715673158123,123.44558366599814,124.75447411900687,155088000
2021-01-07,127.88017272949219,128.5736938299987,124.89122511401924,125.37961563692647,109578200
2021-01-08,128.98397827148438,129.55051323434125,127.20622908757136,129.35514504373518,105158200
2021-01-11,125.9852066040039,127.14757835470962,125.51635590694859,126.190337167744,100384500
2021-01-12,125.80939483642578,126.67872932371974,123.91443732593233,125.51635755772662,91951100
2021-01-13,127.85087585449219,128.39787087837826,125.50660720798145,125.77032737017872,88636800
2021-01-14,125.9168472290039,127.95831602204765,125.77032113055597,127.76296279527958,90221800
2021-01-15,124.18794250488281,127.19642993721087,124.05119375361772,125.78986283591505,111598500
2021-01-19,124.86192321777344,125.72149530988855,123.9925886807919,124.81308118444944,90757300
2021-01-20,128.96441650390625,129.41374239946222,125.56522221027927,125.67266873501019,104319500
2021-01-21,133.69204711914062,136.4270376450688,130.4882057587531,130.69333638260994,120150900
2021-01-22,135.84095764160156,136.60284572356557,131.88499112094416,133.11572996769436,114459400
2021-01-25,139.6015625,141.72117584234562,133.3696938895246,139.74808861764467,157611700
2021-01-26,139.83596801757812,140.94949773337214,138.08752172506703,140.26575403148016,98390600
2021-01-27,138.7615203857422,140.94951541070097,137.14983753597352,140.09970572045313,140843800
2021-01-28,133.90689086914062,138.6931262527624,133.52594691185897,136.28047622181393,142621100
2021-01-29,128.89605712890625,133.56507019639048,127.18668998356583,132.67619570373378,177523800
2021-02-01,131.0254364013672,132.2366505181197,127.88996202795502,130.64449230969086,106239800
2021-02-02,131.85569763183594,133.14504104670476,131.48451601180642,132.57850617042217,83305400
2021-02-03,130.830078125,132.6175895343007,130.5077385359951,132.60781218328634,89880900
2021-02-04,134.199951171875,134.2097136169971,131.4649611835476,133.1352633782053,84183100
2021-02-05,133.7841796875,134.42982206884446,132.9037691142245,134.36135298845358,75693800
2021-02-08,133.93092346191406,133.97983847702403,131.98421930396577,133.0700669616327,71297200
2021-02-09,133.0504913330078,134.87981130485002,132.89398418993693,133.6472186633411,76774200
2021-02-10,132.44398498535156,134.00917580672544,131.4755214853653,133.510263582445,73046600
2021-02-11,132.18968200683594,133.42226002186263,130.85927394263595,132.94291666374514,64280000
2021-02-12,132.42445373535156,132.58097584744993,130.7810163386291,131.42665885595727,60145100
2021-02-16,130.2918701171875,133.0505008941642,129.9005649144753,132.54182652078916,80576300
2021-02-17,127.99298858642578,129.34296530729705,126.65280382407832,128.39407078998406,97918500
2021-02-18,126.88758850097656,127.17127169313025,124.6376322472064,126.3886762665885,96856700
2021-02-19,127.04409790039062,127.86583132256979,125.99738825363634,127.4060570610675,87668800
2021-02-22,123.2583236694336,126.89738013381545,122.86702591113955,125.2245820305238,103916400
2021-02-23,123.12136840820312,123.95287146533934,115.81390958217581,121.0670645425184,158273000
2021-02-24,122.62246704101562,122.82789668702961,119.57036091351185,122.22139224547901,111039900
2021-02-25,118.35733795166016,123.70831567300634,117.91713263038818,121.96704845427313,148199500
2021-02-26,118.6214599609375,122.13334021289873,118.56276044849312,119.92251431654658,164560400
2021-03-01,125.00936889648438,125.14632198530556,120.11816582891734,121.05727592228418,116307900
2021-03-02,122.39746856689453,125.91913329199494,122.28986150205843,125.61588108930245,102260900
2021-03-03,119.404052734375,122.97463264092775,119.18883859473966,122.09421455304867,112966300
2021-03-04,117.51604461669922,120.9105408091192,116.0389066337359,119.10079712980304,178155000
2021-03-05,118.7779769897461,119.28666630320659,115.01175200979323,118.34755618226085,153766600
2021-03-08,113.82809448242188,118.36713097393849,113.68135687696733,118.29865441984433,154376600
2021-03-09,118.45516967773438,119.40406440612611,116.20522041475961,116.43999610668205,129525800
2021-03-10,117.36930847167969,119.51165027406911,116.8508346932734,119.04209897356596,111943300
2021-03-11,119.30622863769531,120.52902944875325,118.62146316885641,119.87361000523832,103026500
2021-03-12,118.3964614868164,118.5334145770574,116.5671562971472,117.78017258073191,88105100
2021-03-15,121.29206085205078,121.30184534868131,117.79974189337008,118.76820554841954,92403800
2021-03-16,122.83767700195312,124.45177555241284,122.0061739497114,122.96484559847543,115227900
2021-03-17,122.04529571533203,123.12135885064626,119.6779478615808,121.35074580559845,111932600
2021-03-18,117.9073486328125,120.49968794214433,117.70191898445727,120.20621275113163,121229700
2021-03-19,117.37910461425781,118.78777367187806,117.07585237233634,117.29106652984883,185549500
2021-03-22,120.70510864257812,121.17466742071305,117.64321821066616,117.71169475504172,111912300
2021-03-23,119.87360382080078,121.53660985268937,119.48230608877304,120.64641478912513,95467100
2021-03-24,117.47692108154297,120.22578250026773,117.45735955159839,120.14752145372104,88530500
2021-03-25,117.9660415649414,119.01276627110943,116.41064244577936,116.93889331550916,98844700
2021-03-26,118.57254028320312,118.83666942036037,116.33236845038506,117.73125278394801,94071200
2021-03-29,118.74864196777344,119.91275082818898,118.10300696502964,119.00298664807106,80819200
2021-03-30,117.29104614257812,117.78016642885794,116.2736750515101,117.49647576720966,85671900
2021-03-31,119.49210357666016,120.83228856558793,118.51386287192022,119.00298322429019,118323800
2021-04-01,120.32361602783203,121.47794044761005,119.8247111399201,120.96925852552806,75089100
2021-04-05,123.16049194335938,123.41483658685715,120.3920692786332,121.17466473706477,88651200
2021-04-06,123.46375274658203,124.36373236215869,122.9159403655152,123.74744343345849,80171300
2021-04-07,125.11698150634766,125.13654303559613,122.417035203639,123.09202364516216,83466700
2021-04-08,127.52345275878906,127.55279878438414,125.72349353070734,126.14412984874876,88844600
2021-04-09,130.1060028076172,130.14512586474413,126.65281460393234,126.97563580060692,106686700
2021-04-12,128.38430786132812,129.9592758997672,127.78758046970171,129.6364546951069,91420000
2021-04-13,131.5048828125,131.7298889082425,129.05928119869824,129.5581934810451,91266500
2021-04-14,129.15713500976562,132.06251145593788,128.79519068086032,132.0038193946852,87222800
2021-04-15,131.5733642578125,132.06248457103857,130.73207672199297,130.90816779667338,89347100
2021-04-16,131.24078369140625,131.73968110440896,130.37992704769707,131.37773680047187,84922400
2021-04-19,131.9059600830078,132.52225644299975,130.4385991700877,130.60489828233995,94264200
2021-04-20,130.213623046875,132.5809638018916,128.9419071234644,132.0820664075215,94812300
2021-04-21,130.59510803222656,130.83966815962773,128.44298189644934,129.47991444834784,68847100
2021-04-22,129.0690460205078,131.23094903356164,128.55057978153482,130.1451015482709,84566500
2021-04-23,131.39730834960938,132.17988902990155,129.28430468857326,129.28430468857326,78657500
2021-04-26,131.78855895996094,132.121157141495,130.65379641815227,131.89616601007668,66905100
2021-04-27,131.46575927734375,132.46356891164857,131.1918530917334,132.07226369879982,66015800
2021-04-28,130.6733856201172,132.0820545207044,130.18426530334483,131.38749710310995,107760100
2021-04-29,130.5755615234375,134.08745690189525,129.567974819212,133.50050652437227,151101000
2021-04-30,128.59951782226562,130.65381415781053,128.21800457946676,128.91254705716273,109839500
2021-05-03,129.656005859375,131.1527277481315,128.96146337467013,129.16688554691402,75135100
2021-05-04,125.06806945800781,128.6288723998823,123.9430911832169,128.3353972104989,137564700
2021-05-05,125.31263732910156,127.61149397563412,125.18546126388162,126.38869312319078,84000900
2021-05-06,126.91694641113281,126.9267234439276,124.36373027215305,125.10719525066649,78128300
2021-05-07,127.59307861328125,128.6219640145826,126.87773920490686,128.22021545550038,78973300
2021-05-10,124.30060577392578,126.936537888107,124.2614087846363,126.80916075602343,88071200
2021-05-11,123.37950134277344,123.73225929039904,120.30260126371391,121.01793322731803,126142800
2021-05-12,120.30259704589844,122.13501696157893,119.79305116069399,120.91994025373684,112172300
2021-05-13,122.45838928222656,123.61467427312743,121.76265955967637,122.07622799062943,105861300
2021-05-14,124.88854217529297,125.31970156938155,123.32070002778138,123.71266243367454,81918000
2021-05-17,123.73225402832031,124.37899310292869,122.65436304670058,124.27120325716062,74244600
2021-05-18,122.3407974243164,124.4377876927737,122.2722045641729,124.01642941587465,63342900
2021-05-19,122.18401336669922,122.40938669653873,120.39079046342964,120.68476412746298,92612000
2021-05-20,124.75135040283203,125.15311390529939,122.58576737350162,122.7131594479721,76857100
2021-05-21,122.90914916992188,125.42749785117249,122.69356946182035,125.25111513327683,79295400
2021-05-24,124.54557037353516,125.36869212394858,123.4088876885631,123.47748054475917,63092900
2021-05-25,124.3495864868164,125.7410532457544,123.78124143570513,125.25109468619691,72009500
2021-05-26,124.30060577392578,124.82975391524182,123.87924748414049,124.40839562545654,56575900
2021-05-27,122.76215362548828,125.07472355131192,122.56617616440937,123.89884383271658,94625600
2021-05-28,122.10562896728516,123.27171512304146,122.04683722029289,123.0463342994687,71311100
2021-06-01,121.78225708007812,122.83075224575715,121.449093885405,122.56618191328505,67637100
2021-06-02,122.54656219482422,122.72294488332521,121.55686639229224,121.78223970334003,59278900
2021-06-03,121.05712127685547,122.34079079399837,120.65535777774502,122.17420921068651,76229200
2021-06-04,123.35990142822266,123.62447923898972,121.36089981512367,121.57647951987867,75169300
2021-06-07,123.36969757080078,123.78125473088885,122.32120243854156,123.63426789483995,71057600
2021-06-08,124.19281005859375,125.8782506142176,123.67346305813653,124.05562434058848,74403800
2021-06-09,124.5749740600586,125.1825161645287,123.97723307167732,124.6533680366472,56877900
2021-06-10,123.57546997070312,125.61366838929395,123.40888838700712,124.4671771062987,71186400
2021-06-11,124.79055786132812,124.87875295690584,123.56567997208057,123.98703826502418,53522400
2021-06-14,127.857666015625,127.91645776960735,124.51620258719356,125.25112941622227,96906500
2021-06-15,127.03453063964844,127.97524340485357,126.78955507030692,127.32850431328268,62746300
2021-06-16,127.53427124023438,128.25940428449337,125.87824900552074,127.74985093036214,91815000
2021-06-17,129.14129638671875,129.88603158210103,127.04430640625819,127.19130069845629,96721700
2021-06-18,127.83802795410156,128.8669131443607,127.62244830704645,128.08300346647158,108953300
2021-06-21,129.64108276367188,129.74887261931582,126.61318811711466,127.68127808078076,79663300
2021-06-22,131.2873077392578,131.38530395142936,128.9747376819625,129.47449743106563,74783600
2021-06-23,131.01292419433594,131.62047373989773,130.5523689534629,131.0815245269483,60214200
2021-06-24,130.72879028320312,131.93406611785448,130.25842633865025,131.74788225881792,68711000
2021-06-25,130.43478393554688,131.19910646414033,130.1408102817522,130.7777556903275,70783700
2021-06-28,132.07125854492188,132.5318139188506,130.6700051385488,130.72879689656085,62111300
2021-06-29,133.59007263183594,133.7468605769358,131.64987040561977,132.09082341810688,64556100
2021-06-30,134.20741271972656,134.64836572202546,133.1393079515186,133.4332816037582,63261400
2021-07-01,134.5111846923828,134.56997643445254,133.0315227403941,133.85465198573496,52485800
2021-07-02,137.14712524414062,137.18631475513712,134.9815346965724,135.12851405296138,78852600
2021-07-06,139.1657257080078,140.27300511470358,137.25491925633426,137.25491925633426,108181800
2021-07-07,141.6644744873047,141.9780354300495,139.79285761414,140.6551614207794,104911600
2021-07-08,140.36119079589844,141.1647027920802,137.84283506741627,138.73454962161878,105575500
2021-07-09,142.19361877441406,142.72275942044914,139.7830526150671,139.88104882276198,99890800
2021-07-12,141.59588623046875,143.37931564236285,141.10593506704151,143.27152578832394,76299700
2021-07-13,142.71298217773438,144.496411688261,140.7433837745926,141.13533874616226,100827100
2021-07-14,146.1524200439453,146.56399216212412,144.7119624866864,145.12353460486517,127050800
2021-07-15,145.49588012695312,146.98533571546386,144.13381661407468,146.24061539726927,106820300
2021-07-16,143.4478759765625,146.7501414566327,142.9481312599128,145.47628061590362,93251400
2021-07-19,139.5870819091797,141.17453382837715,138.82275929894942,140.86095791027103,121434600
2021-07-20,143.2127227783203,144.14364197451235,140.08684683491023,140.5767980109594,96350000
2021-07-21,142.47779846191406,143.19313795676365,141.7232844033651,142.6051905545548,74993500
2021-07-22,143.84967041015625,145.22152774257404,142.87956168443856,143.0069537767786,77338200
2021-07-23,145.57427978515625,145.73106773788473,143.96724064999466,144.58458386878672,71447400
2021-07-26,145.9956512451172,146.81876560092866,144.731568886007,145.29012038238656,72434100
2021-07-27,143.82028198242188,146.2112462731185,142.62479983707357,146.1230436919417,104818600
2021-07-28,142.06619262695312,144.01620305633568,139.67522927292944,141.8996110755162,118931200
2021-07-29,142.71298217773438,143.60469693299768,141.67428804616338,141.78207790616358,56699500
2021-07-30,142.92852783203125,143.38908303752456,141.2136990739111,141.478276840329,70440600
2021-08-02,142.59536743164062,143.99662035248164,142.33078966013647,143.418481662853,62880000
2021-08-03,144.3983917236328,145.0647180561516,142.2621971091317,142.87954029235215,64786600
2021-08-04,143.9966278076172,144.81974208144462,143.34009511643663,144.3102036940969,56368300
2021-08-05,144.10443115234375,144.86875375710454,143.2323186955207,144.0260371733782,46397700
2021-08-06,143.4174346923828,144.36936494626767,142.91694130122985,143.62352901492832,54126800
2021-08-09,143.36842346191406,143.96706011061815,142.80905002187748,143.47637482395993,48908700
2021-08-10,142.8875274658203,144.95821948179562,142.59311336897338,143.7118749573733,69023100
2021-08-11,143.14268493652344,143.98666406649497,142.81883091257257,143.32914770557306,48493500
2021-08-12,146.1162109375,146.273233766027,143.123028782234,143.46651434782166,72282600
2021-08-13,146.32232666015625,146.65598898865775,145.50778746444493,146.1947437215137,59375000
2021-08-16,148.3046875,148.37339061458732,143.7413212084629,145.77275011469712,103296000
2021-08-17,147.3920440673828,148.8542765909534,146.31253048160323,147.43129230026292,92229700
2021-08-18,143.6333770751953,147.91215275914686,143.4272826956147,147.00929375834372,86326000
2021-08-19,143.96705627441406,145.2428409806357,141.80804406555308,142.32816925758922,86960300
2021-08-20,145.4292755126953,145.73349792725946,144.04553971626808,144.69324774538592,60549600
2021-08-23,146.92098999023438,147.39204365611192,145.13488842138761,145.54706225084624,60131800
2021-08-24,146.83267211914062,148.04957711810874,146.371426714868,146.66584090529082,48606400
2021-08-25,145.5961151123047,147.51960771111226,145.04655007679514,147.01909921664708,58991300
2021-08-26,144.79139709472656,146.34196428288527,144.76195717766552,145.58631977895118,48597200
2021-08-27,145.83163452148438,145.9788340786454,144.0946048743713,144.7324895880992,55802400
2021-08-30,150.26742553710938,150.63054275493232,145.841450580605,146.22418442407636,90956700
2021-08-31,149.00148010253906,149.953410655414,148.4715316635546,149.81601938873746,86453100
2021-09-01,149.66879272460938,152.09277878484346,149.50196155532296,149.98283843704763,80313700
2021-09-02,150.78756713867188,151.83764073221985,149.56085404781211,151.0034698406252,71115500
2021-09-03,151.42547607421875,151.74933014670412,150.23801114177232,150.89552760123323,57808700
2021-09-07,153.77093505859375,154.33030841689003,151.5137800748948,152.08297672118582,82278300
2021-09-08,152.22030639648438,154.1143433721427,151.11135346750243,154.0554635660938,74420200
2021-09-09,151.1997833251953,153.20177286362022,151.08200866444486,152.59332785209918,57305700
2021-09-10,146.1947479248047,152.58346376101343,145.92977372713005,152.11241016755477,140893200
2021-09-13,146.76394653320312,148.5991043920851,145.97884721713058,147.82382836372247,102404300
2021-09-14,145.36058044433594,148.25563513558592,144.17313063309547,147.54904724190396,109296300
2021-09-15,146.2536163330078,146.6559817546306,143.6431677103874,145.7923710886154,83281300
2021-09-16,146.01812744140625,146.19478193913181,144.47738336024315,145.67465671034486,68034100
2021-09-17,143.33895874023438,146.04755063760766,143.04454462427765,146.04755063760766,129868800
2021-09-20,140.27713012695312,142.14172846545398,138.63824285637997,141.12110952717035,123478900
2021-09-21,140.75796508789062,141.9061817623882,140.1200802460814,141.24865034298253,75834000
2021-09-22,143.13290405273438,143.7020858074547,141.02294833620297,141.75897626590603,76404300
2021-09-23,144.09463500976562,144.33997763935906,142.9268016969767,143.91798052970498,64838200
2021-09-24,144.18295288085938,144.72270965382597,142.84828839430818,142.94643143467502,53477900
2021-09-27,142.6618194580078,143.24083941199348,141.14070721951342,142.75996249414771,74150700
2021-09-28,139.26626586914062,142.05335398733837,139.0503632005245,140.58129850560428,108972300
2021-09-29,140.1691436767578,141.7589590196526,139.38404431901697,139.81584971450067,74602000
2021-09-30,138.86390686035156,141.6902583077313,138.64800418175875,140.98367044588636,89056700
2021-10-01,139.9924774169922,140.25745160999782,136.51843289284824,139.25644963882814,94639600
2021-10-04,136.5478973388672,139.56071210655347,135.69410975464882,139.1190833806911,98322000
2021-10-05,138.4811553955078,139.59010856039754,136.76375747265385,136.89134039591275,80861100
2021-10-06,139.3546142578125,139.50181384644353,135.79223446768353,136.87174803273044,83221100
2021-10-07,140.6205596923828,141.53324196194288,140.06118634451136,140.39484869057674,61732700
2021-10-08,140.23782348632812,141.49397639424066,139.90416114584096,141.34677682476803,58773200
2021-10-11,140.14950561523438,142.1122464318601,139.16813520692153,139.61957218353604,64452200
2021-10-12,138.87371826171875,140.58130812824112,138.41247298124185,140.5616765276079,73035900
2021-10-13,138.28492736816406,138.76578935248517,136.6067771440449,138.60878144560903,78762700
2021-10-14,141.081787109375,141.1995617265244,138.873703962982,139.46253212516237,69907100
2021-10-15,142.14169311523438,142.20057294661328,140.83646861307787,141.09163451508613,67940300
2021-10-18,143.81983947753906,144.1044303133813,140.4929943196034,140.77758515544568,85589200
2021-10-19,145.98867797851562,146.39104349887026,143.81985744353068,144.27127951188243,76378900
2021-10-20,146.47933959960938,146.96021648343887,145.36057794956784,145.92977457496073,58418800
2021-10-21,146.6952362060547,146.852259056455,145.1152293383939,146.0377198663419,61421000
2021-10-22,145.91998291015625,147.38221538017035,145.87091138995885,146.90135341600217,58883400
2021-10-25,145.8708953857422,146.5872915835432,144.86989338673706,145.91014361287867,50720600
2021-10-26,146.5382537841797,148.0299261985199,146.23401634323616,146.54806209858722,60893400
2021-10-27,146.0769805908203,146.94057630434148,145.72368667066797,146.57747407165155,56094900
2021-10-28,149.72769165039062,150.3165049156438,146.9307799732344,147.02892300470535,100077900
2021-10-29,147.00929260253906,147.14668386300448,143.68244746206824,144.47735511008415,124953200
2021-11-01,146.1849365234375,146.911141011652,145.04654330331536,146.21437643649898,74588300
2021-11-02,147.22520446777344,148.7463317156188,145.8807167195942,145.89054000814804,69122000
2021-11-03,148.6678009033203,149.1388544822275,147.0289142026338,147.58828751986294,54511500
2021-11-04,148.14768981933594,149.5902906052328,147.8336440873552,148.75613470689277,60394600
2021-11-05,148.67837524414062,149.58255183119843,147.47935487956067,149.2778854264306,65463900
2021-11-08,147.8528289794922,148.96340074214248,147.5776454448072,148.80614872335738,55020900
2021-11-09,148.21646118164062,148.82579400908614,147.47935921435865,147.6169509817295,56787900
2021-11-10,145.37615966796875,147.54816002545584,145.3073712836708,147.44005113894966,65187100
2021-11-11,145.32704162597656,146.86021155645847,145.14030669919578,146.3983080486063,41000000
2021-11-12,147.41058349609375,147.81352120891913,144.9437391025949,145.8773986754407,63804000
2021-11-15,147.42039489746094,149.26806864568343,146.86019019858912,147.78402707270035,59222800
2021-11-16,148.40321350097656,148.88479224149762,146.77175735607312,147.36144499767522,59256200
2021-11-17,150.8503875732422,152.33441420975052,148.39338089243975,148.40320352046666,88807000
2021-11-18,155.15504455566406,155.94128964959728,150.41794373346818,151.0665970606914,137827700
2021-11-19,157.78897094726562,158.25088939976666,153.83810003292044,154.93883421945299,117305600
2021-11-22,158.25088500976562,162.85039415850727,158.23122475801478,158.89952335376228,117467900
2021-11-23,158.63418579101562,159.01747824025801,156.32459347097884,158.34916461294523,96041900
2021-11-24,159.15509033203125,159.3516478958434,156.89464085723944,157.98555258223482,69463600
2021-11-26,154.11328125,157.69068229853394,153.67102305648032,156.82582616349364,76959800
2021-11-29,157.4843292236328,158.41798890304915,156.0592531379974,156.62928057297538,88748200
2021-11-30,162.45729064941406,162.673508444908,157.1698072809554,157.23861066878493,174048100
2021-12-01,161.9364013671875,167.3712989739356,161.7005233258962,164.59978822518326,152052500
2021-12-02,160.9437713623047,161.3762069674829,155.08627542774454,156.0101124031017,136739200
2021-12-03,159.05679321289062,162.1231479856483,156.97325618498053,161.19931100266786,118023100
2021-12-06,162.4769287109375,164.99290090063192,161.45480563613842,161.46462826318137,107497000
2021-12-07,168.23617553710938,168.62930565360898,165.44501919367465,166.17229866191352,120405400
2021-12-08,172.069091796875,172.93396293794615,167.76441134011625,169.16982694435688,116998900
2021-12-09,171.5580291748047,173.71036939014843,170.9290360750293,171.9020161028415,108923700
2021-12-10,176.3639373779297,176.54084965789616,171.68580203438307,172.19686362537885,115402700
2021-12-13,172.7177276611328,178.99783543305975,172.51133252468716,178.00519524766332,153237000
2021-12-14,171.3319854736328,174.68334606426572,169.248448682449,172.23616209992724,139380400
2021-12-15,176.21652221679688,176.41307975206385,169.34672613583356,172.09857661870694,131063300
2021-12-16,169.297607421875,178.02490121320892,167.81358057072268,176.1968873784398,150185800
2021-12-17,168.19686889648438,170.48680119696434,166.77180785012712,167.0076709220657,195432700
2021-12-20,166.8307647705078,167.64649284258897,164.5801530989622,165.38604354598067,107499100
2021-12-21,170.0150604248047,170.22144061319776,166.21160342137523,168.60964463381248,91185900
2021-12-22,172.61947631835938,172.83569412545992,169.18948928424598,170.06418314156005,92135300
2021-12-23,173.24844360351562,173.80864829178057,172.25581836202977,172.82584567773912,68356600
2021-12-27,177.22879028320312,177.31723891588942,174.0248592849785,174.04450453910178,74919600
2021-12-28,176.2066650390625,178.21159066688713,175.45974048938143,177.06171346697758,79144300
2021-12-29,176.29513549804688,177.5236387502155,175.07645487319965,176.2459923686846,62348900
2021-12-30,175.1354217529297,177.46467413151436,175.0273128661905,176.3835852641225,59773000
2021-12-31,174.51626586914062,176.14770679713808,174.21158446445702,175.02731242664456,64062300
2022-01-03,178.87994384765625,179.73499253673097,174.65390353027703,174.77183507509497,104487900
2022-01-04,176.60963439941406,179.79392040563258,176.0396070589959,179.4892539814939,99310400
2022-01-05,171.91183471679688,177.0715485386063,171.63665117934394,176.52118146370043,94537600
2022-01-06,169.0420684814453,172.285320469028,168.68825890104756,169.73002738877994,96904000
2022-01-07,169.2091064453125,171.14522859084596,168.08871218311748,169.91672545263316,86709100
2022-01-10,169.2288055419922,169.53347199078678,165.27793434356843,166.17228843262194,106765600
2022-01-11,172.069091796875,172.1673630652104,167.88235785704865,169.35656184948618,76138300
2022-01-12,172.51136779785156,174.13298635832638,171.81358623406135,173.09121782891782,74805200
2022-01-13,169.2288055419922,173.5826144650006,168.835675449693,172.7570637657418,84505800
2022-01-14,170.09365844726562,170.7914399169012,168.1476984416165,168.3933990992247,80440800
2022-01-18,166.87989807128906,169.57276781693594,166.4966056259258,168.56048225619764,90956700
2022-01-19,163.3712921142578,168.13789130970082,163.0862859235723,167.07646257144611,94815000
2022-01-20,161.6808624267578,166.76195044943782,161.3565357449214,164.10838623013277,91420500
2022-01-21,159.61695861816406,163.46954264259136,159.50884974263576,161.5923862567709,122848900
2022-01-24,158.840576171875,159.50888984216238,152.03958291935942,157.26810076459748,162294600
2022-01-25,157.03224182128906,159.96099018333973,154.31971129097184,156.2459965237476,115798400
2022-01-26,156.9437713623047,161.5629412237311,155.10593504422843,160.6882473882618,108275300
2022-01-27,156.4818572998047,161.02240127110773,155.55802030212934,159.65630602886313,121954600
2022-01-28,167.40077209472656,167.42043234611594,160.00026956448573,162.86022878833853,179935700
2022-01-31,171.77426147460938,171.99047927683918,166.5948868425434,167.2337176205423,115541600
2022-02-01,171.607177734375,171.83321815334287,169.3467285555597,171.01749012376968,86213900
2022-02-02,172.81605529785156,172.85537581113408,170.34922546092898,171.7448037548215,84914300
2022-02-03,169.9265899658203,173.2091625575225,169.160005018323,171.4794201148579,89418100
2022-02-04,169.6411895751953,171.3239297234003,167.95844942699028,168.94250412955896,82465400
2022-02-07,168.92288208007812,171.1763613855954,168.22419643494246,170.1037450572418,77251200
2022-02-08,172.0423126220703,172.55402535255456,168.6965170956554,168.99173655614575,74829200
2022-02-09,173.46917724609375,173.83327271357754,172.11117683042102,173.24284884864312,71285000
2022-02-10,169.37551879882812,172.68194375053233,168.8146153330359,171.36331383328056,90865900
2022-02-11,165.95101928710938,170.32022548644153,165.360580335394,169.58218430454045,98670700
2022-02-14,166.18716430664062,166.87599960086266,163.90415017095245,164.7012320839439,86185500
2022-02-15,170.03482055664062,170.19227292675632,167.5353279968633,168.24384864689935,62527400
2022-02-16,169.7986297607422,170.57602631323778,167.3384931806546,169.10979452141407,61177400
2022-02-17,166.18716430664062,169.16884887808143,165.78369827163797,168.30287592792615,69589300
2022-02-18,164.63235473632812,167.8206823626154,163.54005341590076,167.11217679103845,82772700
2022-02-22,161.6999053955078,164.03211066057264,159.56449308823295,162.3493702057695,91162800
2022-02-23,157.51768493652344,163.50072589040192,157.20278014132612,162.9004517631082,90009200
2022-02-24,160.1450958251953,160.25334246210673,149.5763410580208,150.14709468760051,141147500
2022-02-25,162.22145080566406,162.48713480856267,158.30490162446958,161.22754578023935,91974200
2022-02-28,162.48712158203125,162.78234102115098,159.84001180321536,160.4599711238184,95056600
2022-03-01,160.59774780273438,163.94354328714707,159.3873645469528,162.07383007117033,83474400
2022-03-02,163.9041748046875,164.69142169446647,160.35173616541616,161.7687775639212,79724800
2022-03-03,163.5794219970703,166.21669661748916,162.91027195360368,165.78371011148872,76678400
2022-03-04,160.56825256347656,162.9103082686563,159.5153215214296,161.8672123710347,83737200
2022-03-07,156.7599334716797,162.38872815867046,156.5040696124171,160.75519357831982,96418800
2022-03-08,154.92959594726562,160.28285666328267,153.3157466151268,156.28759642734667,131148300
2022-03-09,160.35171508789062,160.80438687004462,156.86816795403388,158.905153435018,91454900
2022-03-10,155.99237060546875,157.83254827067594,153.49286301272676,157.64557545679153,105342000
2022-03-11,152.26278686523438,156.7402389691296,152.03645847766137,156.39581380133617,96970100
2022-03-14,148.2183380126953,151.66253001815127,147.70664029732,149.035105347276,108732100
2022-03-15,152.61708068847656,153.0894378821165,147.9821902189739,148.49388798885315,92964300
2022-03-16,157.04530334472656,157.44876942008187,151.99711238572482,154.54581073699606,102300200
2022-03-17,158.0588836669922,158.4328293113158,155.1165693039783,156.08093884327653,75615400
2022-03-18,161.3652801513672,161.85730748505333,157.21256825381766,157.95060925434686,123511700
2022-03-21,162.74301147460938,163.69754597170976,160.41079104635503,160.90281851844856,95811400
2022-03-22,166.128173828125,166.71859782423698,162.28051513918757,162.87093913529952,81532000
2022-03-23,167.49598693847656,169.88723307812018,164.9767938445975,165.31138391398235,98062700
2022-03-24,171.29443359375,171.36330962465348,167.4959813021374,168.33241890873853,90131400
2022-03-25,171.93406677246094,172.48513509296794,169.99547749215097,171.10746429170044,80546200
2022-03-28,172.80003356933594,172.92795048627315,169.25743018713217,169.42471770580778,90371900
2022-03-29,176.1064910888672,176.1556818269469,173.52825675371,173.87268201319478,100589400
2022-03-30,174.93544006347656,176.74609743731983,173.88249413539714,175.7030016679424,92633200
2022-03-31,171.82582092285156,175.19128676604245,171.61916279397346,175.00431393883977,103049300
2022-04-01,171.5305938720703,172.09151232886626,169.1983887454629,171.25505972274473,78751300
2022-04-04,175.59478759765625,175.6439933538349,171.65856735118285,171.7864993141496,76468400
2022-04-05,172.26861572265625,175.45695839959683,171.63882130670936,174.66971162579236,73401800
2022-04-06,169.09011840820312,170.86141984516703,167.41722844598058,169.6116661902699,89058800
2022-04-07,169.39517211914062,170.5957200307203,167.14169350736208,168.43080273648053,77594700
2022-04-08,167.37791442871094,169.04096981181576,166.50210606320158,169.04096981181576,76575500
2022-04-11,163.10708618164062,166.33478478538393,162.8610724769926,166.0198950514866,72246700
2022-04-12,164.9866485595703,167.1614014854587,163.98290835466773,165.34090892509556,79265200
2022-04-13,167.68295288085938,168.31274743098942,164.11084372073287,164.72095296806577,70618900
2022-04-14,162.6544189453125,168.5390777375964,162.4084052337266,167.8994330781819,75329400
2022-04-18,162.43792724609375,163.94352983512067,160.96184509877446,161.30625525719185,69023900
2022-04-19,164.7307586669922,165.14407487442162,161.29641720934256,162.38871857930025,67723800
2022-04-20,164.56346130371094,166.18716054853425,163.4514897165709,166.0690637754216,67929800
2022-04-21,163.76638793945312,168.7949082587247,163.2645254279015,166.2166896462883,87227800
2022-04-22,159.21023559570312,165.1932911869879,158.92486628163977,163.8057851903542,84882400
2022-04-25,160.28286743164062,160.56823674674308,155.9333465615322,158.55092119216803,96046400
2022-04-26,154.29978942871094,159.75144619433357,154.22106324602348,159.66288486961668,95623200
2022-04-27,154.07347106933594,157.24211378977282,152.9024434257798,153.42399128149194,88063200
2022-04-28,161.0307159423828,161.89668891256514,156.39581154213602,156.71071626419635,130216800
2022-04-29,155.13626098632812,163.54993403564234,154.74264500205678,159.25945373894038,131747600
2022-05-02,155.44131469726562,155.70699870242646,150.8260949299853,154.21124610323508,123055300
2022-05-03,156.9370574951172,158.14745572719883,153.8274556953841,155.6282627909498,88966500
2022-05-04,163.37277221679688,163.82542898874118,156.7205525613251,157.12401860863298,108256500
2022-05-05,154.27029418945312,161.46373326041538,152.47930702556806,161.23740483289234,130525300
2022-05-06,154.9995574951172,157.1282427342657,151.9444991405495,153.74796732614354,116124600
2022-05-09,149.855224609375,153.5705662251753,149.29349706523496,152.68360662844097,131577900
2022-05-10,152.26971435546875,154.46739183893223,150.71262137734965,153.26507972972064,115366700
2022-05-11,144.37583923339844,153.19606667734942,143.69584140711092,151.2743434971103,142689800
2022-05-12,140.4929962158203,144.0802186431024,136.78751850070398,140.69995800707954,182602000
2022-05-13,144.9770050048828,145.95265608735048,141.03500230205145,142.49353909158592,113990900
2022-05-16,143.42974853515625,145.38105052063565,142.08946713795373,143.43961316503615,86643800
2022-05-17,147.0761260986328,147.5984402531948,144.5532317399834,146.7016310302499,78336300
2022-05-18,138.77818298339844,145.22334942117237,137.871509320704,144.7207495965093,109742900
2022-05-19,135.35853576660156,139.6060416476657,134.6194101946053,137.85185149313176,136095600
2022-05-20,135.5950469970703,138.65995498562737,130.68725738522548,137.07329814838306,137426100
2022-05-23,141.0350341796875,141.18285329943592,135.65419265759,135.79216218187196,117726300
2022-05-24,138.32489013671875,139.91154699464488,135.3388239751479,138.7683624803835,104132700
2022-05-25,138.48257446289062,139.73414963230113,136.33417493293138,136.42286639453397,92482700
2022-05-26,141.69529724121094,142.24717525757603,135.1515728345783,135.3979480231376,90601500
2022-05-27,147.47030639648438,147.50971980321964,143.15380903801713,143.28192892561134,90978500
2022-05-31,146.68191528320312,148.47553371046925,144.71091395436392,146.9085912630533,103718400
2022-06-01,146.5537872314453,149.53985256911304,145.53870787317794,147.72652020499015,74286600
2022-06-02,149.01754760742188,149.07667523553576,144.73061411862278,145.68655087325112,72348100
2022-06-03,143.27207946777344,145.82452236693706,142.36542073655667,144.77002952584698,88570300
2022-06-06,144.0210723876953,146.4158469197131,142.79904610031343,144.89816741340283,71598400
2022-06-07,146.5537872314453,146.83957576238276,142.01062928588593,142.257004413004,67808200
2022-06-08,145.81466674804688,147.69696135392218,145.32191647725907,146.4256722718094,53950200
2022-06-09,140.57180786132812,145.80481374848975,140.4634021916062,144.94743302094574,69473000
2022-06-10,135.14170837402344,138.71906549283727,135.07271611079338,138.2460293933542,91437900
2022-06-13,129.9678497314453,133.23970455320375,129.53422697538784,130.94348589502584,122207100
2022-06-14,130.83506774902344,131.94868835400084,129.57362805380447,131.19971323419813,84784300
2022-06-15,133.46633911132812,135.3486488673454,130.24376297463832,132.34286902822936,91533000
2022-06-16,128.17420959472656,130.47042786825955,127.16899474112004,130.16492507881696,108123900
2022-06-17,129.65249633789062,131.1504619203318,127.92786975836931,128.1841096170733,134520300
2022-06-21,133.89996337890625,135.07271151353063,131.3869488476208,131.48548988632155,81000500
2022-06-22,133.3874969482422,135.7625416936952,131.96837384076605,132.83560404391164,73409200
2022-06-23,136.26519775390625,136.58055018558431,133.66347628298064,134.83622462315083,72433800
2022-06-24,139.6060333251953,139.85240850117333,137.7434375963034,137.87154246227976,89116800
2022-06-27,139.6060333251953,141.4095014178601,138.9260354334884,140.63094744074303,70207900
2022-06-28,135.44723510742188,141.34052580053483,135.32897982103705,140.06923635925068,67083400
2022-06-29,137.21124267578125,138.6303659287056,134.6883635761582,135.46691746181185,66242400
2022-06-30,134.73765563964844,136.36372576433453,131.8304316095035,135.25996980273172,98964500
2022-07-01,136.9156036376953,137.02400931509246,133.69302720857007,134.06750724522163,71051600
2022-07-05,139.5074920654297,139.5567701133716,134.94461850939908,135.772450617196,73353800
2022-07-06,140.84774780273438,142.03034554759492,139.03443025811183,139.30051963790794,74064300
2022-07-07,144.22801208496094,144.42510918824107,141.20251816632623,141.21236775834944,66253700
2022-07-08,144.90802001953125,145.41063501342293,142.89760515660754,143.15382993164704,64547800
2022-07-11,142.76947021484375,144.51381052529135,141.6952781464939,143.5578737194986,63141600
2022-07-12,143.7451171875,146.29756011597522,142.94686411267188,143.64656111311933,77588800
2022-07-13,143.38047790527344,144.32654999556934,140.05933088479338,140.91672657370842,71185600
2022-07-14,146.31729125976562,146.79032738889836,141.17297636311127,141.99094375492155,78140700
2022-07-15,147.9926300048828,148.67262785570932,146.05119253188846,147.6082853549652,76259900
2022-07-18,144.93759155273438,149.37234459214557,144.5729460772953,148.55437722703743,81420900
2022-07-19,148.8105926513672,149.03725358197892,144.7798987508147,145.77524895701922,82982400
2022-07-20,150.8209991455078,151.49114734609626,148.18971445377295,148.92883987406518,64823400
2022-07-21,153.0975341796875,153.3143455287886,149.73697330616696,152.25985260020167,65086600
2022-07-22,151.85580444335938,154.01405345612082,151.1856711624816,153.13695840464973,66675400
2022-07-25,150.73231506347656,152.79200772624299,150.07203146028309,151.77694330248553,53623900
2022-07-26,149.4019012451172,150.87028755705626,148.61349773507445,150.05232023117222,55138700
2022-07-27,154.5166473388672,155.04882613514658,149.95378934695273,150.36769783431046,78620700
2022-07-28,155.0685272216797,155.35431578247076,152.17115301810267,154.70388176992367,81378700
2022-07-29,160.1536865234375,161.2574573481273,157.18733532671283,158.90211167106582,101786900
2022-08-01,159.168212890625,161.2180561543135,158.55720726769144,158.6754625398599,67829400
2022-08-02,157.68994140625,160.05515180598763,157.31546141372255,157.77864788642987,59907000
2022-08-03,163.72125244140625,164.17457438761855,158.41925333428367,158.50794479712317,82507500
2022-08-04,163.4058837890625,164.76587969298566,162.04588788513934,163.60298093980023,55474100
2022-08-05,163.17889404296875,163.6723288419394,160.85974446443265,161.06699370571175,56697000
2022-08-08,162.70518493652344,165.60658394853183,162.04398411639912,164.18548932563507,60276900
2022-08-09,162.75453186035156,163.6427235312398,161.10646144310655,161.86635524789833,63135500
2022-08-10,167.017822265625,167.11650019395563,164.7085358778416,165.4782929876242,70170500
2022-08-11,166.27764892578125,168.7448226972921,165.98158506151321,167.82702622390457,57149200
2022-08-12,169.8402557373047,169.9093287754835,167.17569590306383,167.59019436587388,68039400
2022-08-15,170.91590881347656,171.1132796760372,169.1000727844284,169.2678387705265,54091700
2022-08-16,170.75802612304688,171.4291052045612,169.406019744618,170.51130875130826,56377100
2022-08-17,172.25804138183594,173.83702324561594,170.30404436088403,170.50141521155268,79542000
2022-08-18,171.8633270263672,172.60347919281742,170.84685258911696,171.46858522763415,62290100
2022-08-19,169.26788330078125,171.4587350859564,169.06063405258988,170.758051022337,70346300
2022-08-22,165.36976623535156,167.62969126880697,164.94540442529535,167.46192522339211,69026800
2022-08-23,165.0341796875,166.49475736672866,164.4617935794401,164.88615528818852,54147100
2022-08-24,165.33026123046875,165.90264739975865,164.06706935977206,165.12302704926418,53841500
2022-08-25,167.7974395751953,167.9059958352742,166.13950584864693,166.56385255540565,51218200
2022-08-26,161.47157287597656,168.80402064201385,161.41236311895443,168.3303275274042,78961000
2022-08-29,159.26100158691406,160.7610323552504,157.72148760663381,159.03401076431982,73314000
2022-08-30,156.8234405517578,160.4255083111715,155.64906340226676,160.00116164152158,77906200
2022-08-31,155.1556396484375,158.47152210531658,155.07668827346,158.20506309707196,87991100
2022-09-01,155.88592529296875,156.3398768664933,152.6391159459931,154.58325022090398,74229900
2022-09-02,153.7641143798828,158.254373032356,152.93514772176113,157.65238211334182,76957800
2022-09-06,152.50094604492188,155.0273296121399,151.6719792603848,154.4154753271388,73714800
2022-09-07,153.91220092773438,154.61286996329966,151.59305117128892,152.78717010211398,87449600
2022-09-08,152.43185424804688,154.30690008588368,150.67521286115618,152.6094835121141,84923800
2022-09-09,155.30364990234375,155.74775322839724,152.71805660596894,153.42860385753409,68028800
2022-09-12,161.28407287597656,162.10317635640433,157.2083121383532,157.49449766359504,104956000
2022-09-13,151.82000732421875,158.4320302699307,151.35617743298022,157.80043436290458,122656600
2022-09-14,153.27069091796875,155.03719565521683,151.59301587507773,152.75751459079564,87965400
2022-09-15,150.36932373046875,153.2016498653033,149.39233241450626,152.61938532747467,90481100
2022-09-16,148.7212371826172,149.36271142090462,146.4218293394224,149.22455028716234,162278800
2022-09-19,152.4516143798828,152.530565756339,147.142266074514,147.34950026158054,81474200
2022-09-20,154.83981323242188,156.00432703299086,151.06997970170357,151.38577010052077,107689800
2022-09-21,151.7015838623047,156.65567307047792,151.58316433856976,155.2740467070239,101696800
2022-09-22,150.73446655273438,152.44174672656402,148.92849339656019,150.37919289810281,86652500
2022-09-23,148.45480346679688,149.4811563994393,146.60936192506745,149.2048340849056,96029900
2022-09-26,148.7903594970703,151.75096880822056,147.67519183783702,147.69493344960722,93339400
2022-09-27,149.767333984375,152.68847479986027,147.98110231146464,150.734477091982,84442700
2022-09-28,147.87254333496094,148.66204205913598,142.9381951319115,145.70143313730634,146691400
2022-09-29,140.60914611816406,144.79347774230442,138.83277820893315,144.18162354073726,128138200
2022-09-30,136.38536071777344,141.22103026133098,136.1879898311541,139.42492055869818,124925300
2022-10-03,140.57955932617188,141.19142866488522,135.88206585827712,136.39524222216883,114311700
2022-10-04,144.18165588378906,144.30007541815792,142.36580435900075,143.12569817421627,87830100
2022-10-05,144.47769165039062,145.44483462169993,141.13220458118386,142.17829892107557,79471000
2022-10-06,143.52044677734375,145.60274235287363,143.31321258240413,143.895462065149,68402200
2022-10-07,138.2505340576172,141.22102066261786,137.61893822830447,140.6683611358409,85925600
2022-10-10,138.57623291015625,140.0269324842531,136.75053311295184,138.57623291015625,74899000
2022-10-11,137.15513610839844,139.49402735669463,136.40512061529776,138.063054355342,77033700
2022-10-12,136.52352905273438,138.51700974724292,136.3458997629281,137.30316442493086,70433700
2022-10-13,141.11248779296875,141.7046005106399,132.6056617056489,133.21753108987443,113224000
2022-10-14,136.56301879882812,142.62239748423457,136.37551116721934,142.41514824444727,88598000
2022-10-17,140.54010009765625,141.02365655306738,138.4281998048671,139.21769847828358,85250900
2022-10-18,141.8625030517578,144.77376532008952,138.76373315265158,143.57966155321216,99136600
2022-10-19,141.9710693359375,143.04675364711534,139.64205634508835,139.8295639891064,61758300
2022-10-20,141.50723266601562,143.97440668910568,140.77694373414428,141.14209572929755,64522000
2022-10-21,145.33627319335938,145.90865930136042,140.77692593540152,140.99403842665825,86548600
2022-10-24,147.4876708984375,148.25742804538453,144.08297350872007,145.25735083913412,75981900
2022-10-25,150.3397216796875,150.48776116501867,147.39885428402872,148.1192649256449,74732300
2022-10-26,147.3889617919922,149.99429659795183,146.09615013348827,148.97782224560154,88194300
2022-10-27,142.89871215820312,147.09290769599798,142.2375113745511,146.12577976482095,109180200
2022-10-28,153.69505310058594,155.43193790631275,145.87904888716614,146.2540490373011,164762400
2022-10-31,151.32656860351562,152.21476020669766,149.92521569193562,151.14893931793952,97943200
2022-11-01,148.67190551757812,153.4088828100258,147.17187450407766,153.04374586124993,80379300
2022-11-02,143.12570190429688,150.17195049314788,143.09609701993313,146.9942290649959,93604600
2022-11-03,137.05645751953125,140.92498461939732,136.92815965034873,140.1946956802254,97918500
2022-11-04,136.78955078125,141.03023754059535,132.83552430474884,140.456901891493,140814800
2022-11-07,137.32334899902344,137.55070131674174,134.1107022229699,135.53415428478314,83374600
2022-11-08,137.8966827392578,139.80449340378325,135.90978972981833,138.79622744381308,89908500
2022-11-09,133.3199005126953,136.95761319516816,133.04311982943733,136.90818484099725,74917800
2022-11-10,145.1819610595703,145.1819610595703,137.89667216677097,139.61667909909517,118854000
2022-11-11,147.97946166992188,148.28589635779667,142.71071873245964,144.14406562748653,93979700
2022-11-14,146.57574462890625,148.55275765609238,145.7355080589872,147.25781653663145,73374100
2022-11-15,148.31553649902344,151.82473825025608,146.85255082741247,150.47048891741846,89868300
2022-11-16,147.0799102783203,148.14749936078283,145.59715017769167,147.4160140311921,64218300
2022-11-17,148.98773193359375,149.73899160011717,144.47024904717685,144.747029718181,80389400
2022-11-18,149.55120849609375,150.9450069031937,148.24638717709936,150.55948979946595,74829600
2022-11-21,146.30885314941406,148.64172927634687,146.0221928785554,148.4341513417214,58724100
2022-11-22,148.45391845703125,148.6911654782662,145.24127190945183,146.42749193221246,51804100
2022-11-23,149.33370971679688,150.08496935516192,147.62358231947215,147.73231865639212,58301400
2022-11-25,146.40771484375,147.16886915801885,145.4290878682615,146.6054131493823,35195900
2022-11-28,142.5624237060547,144.95460787890806,141.73208177830335,143.47184797217477,69246000
2022-11-29,139.54750061035156,143.1456646936347,138.73693289245665,142.6316369436181,83763800
2022-11-30,146.32862854003906,147.01070049689147,138.93460350915308,139.77482505617792,111380900
2022-12-01,146.6054229736328,147.41600568948158,144.92496463802757,146.5065813559001,71250400
2022-12-02,146.11117553710938,146.2989942268281,143.97599740675216,144.2824471593233,65447400
2022-12-05,144.94471740722656,149.1854037867597,144.09460118758193,146.0716142487636,68826400
2022-12-06,141.2675018310547,145.6070458162454,140.28887472844136,145.37969348940564,64727200
2022-12-07,139.3201446533203,141.72220883121116,138.3909458890047,140.55577809875786,69721100
2022-12-08,141.01048278808594,141.87049392300491,139.47830938217072,140.72382246539036,62128300
2022-12-09,140.526123046875,143.89693468072133,139.28059488984613,140.70404702164143,76097000
2022-12-12,142.829345703125,142.83922534059286,139.43875970806542,141.05991017433828,70462700
2022-12-13,143.79806518554688,148.24634516014598,142.58220621584587,147.78174582279246,93886200
2022-12-14,141.5640411376953,144.9743859949628,139.5375995292449,143.67944472283807,82291200
2022-12-15,134.93115234375,140.17024039649047,134.46655303010576,139.48816842184618,98931900
2022-12-16,132.96400451660156,136.06791433800984,132.19297064961182,135.11895654021274,160156900
2022-12-19,130.8486328125,133.64610870665976,129.81071279854106,133.55714671976315,79592600
2022-12-20,130.7794647216797,131.7185432516306,128.39715949388125,129.8799198306726,77432800
2022-12-21,133.8932342529297,135.23760401600552,131.2242690848365,131.45162141055363,85928000
2022-12-22,130.7102508544922,133.01347352460496,128.80243995719394,132.80589554186707,77852100
2022-12-23,130.34449768066406,130.8980590346716,128.150011539123,129.4152989435447,63814900
2022-12-27,128.53550720214844,129.8996510860134,127.24056601774359,129.86999709579138,69007800
2022-12-28,124.59137725830078,129.52402325835672,124.42333294025542,128.17965363057965,85438400
2022-12-29,128.12033081054688,128.9803266572618,126.26194126578521,126.51894753125764,75703700
2022-12-30,128.4366455078125,128.45641986166103,125.9653867378923,126.93412645040064,77034200
2023-01-03,123.63253021240234,129.39551842727084,122.74287269172645,128.78264911213327,112117500
2023-01-04,124.90769958496094,127.18126787275598,123.64241229292817,125.4316068972832,89113600
2023-01-05,123.58309936523438,126.30149268134268,123.32609306355886,125.66884902202133,80962700
2023-01-06,128.13021850585938,128.79251610668766,123.45458659001618,124.56171667837158,87754700
2023-01-09,128.6541290283203,131.87667022454877,128.39712274020837,128.9704583829939,70790800
2023-01-10,129.22747802734375,129.75138537718297,126.64747490986099,128.76287866678214,63896200
2023-01-11,131.95574951171875,131.97550878336855,128.96057576470602,129.7414893304502,69458900
2023-01-12,131.87669372558594,132.71691544226815,129.9293341536629,132.3412931209229,71379600
2023-01-13,133.2111358642578,133.369300530634,130.14677464113623,130.51251723414498,57809700
2023-01-17,134.3776092529297,135.7120843078782,132.58841445883436,133.2803661632613,63646600
2023-01-18,133.65599060058594,137.01690717262807,133.47805156045354,135.24748690824802,69672800
2023-01-19,133.71530151367188,134.68403382720132,132.23254150823482,132.53897616267878,58280400
2023-01-20,136.28543090820312,136.43371598175548,132.6773870363522,133.72520185575365,80223600
2023-01-23,139.48817443847656,141.67278077878365,136.31506144495467,136.5325341153351,81760300
2023-01-24,140.89186096191406,141.514625019409,138.6874952095744,138.69737484670043,66435100
2023-01-25,140.2295379638672,140.7929788466698,137.21459000886787,139.27068541615571,65799300
2023-01-26,142.30543518066406,142.59209549504305,140.26909865118563,141.52450641893512,54105100
2023-01-27,144.2527618408203,145.5378234459024,141.43552706245464,141.51460940098116,70555800
2023-01-30,141.35643005371094,143.87712465526727,141.208160111495,143.29390943800163,64015300
2023-01-31,142.63160705566406,142.68103540109175,140.64471427014323,141.05988522159177,65874500
2023-02-01,143.75851440429688,144.92496009089808,139.69576656602072,142.31530314667881,77663600
2023-02-02,149.08657836914062,149.44242627870938,146.46702672863907,147.18863235095503,118339000
2023-02-03,152.72427368164062,155.571177590554,146.13093629775682,146.32863460622823,154357300
2023-02-06,149.98611450195312,151.3403789118004,149.04703617157855,150.81647157748358,69858300
2023-02-07,152.87254333496094,153.44587898676582,148.90863720361276,148.90863720361276,83322600
2023-02-08,150.17391967773438,152.80335083301824,149.43253973358082,152.11139923515765,64120100
2023-02-09,149.13600158691406,152.55624141902396,148.6911765868534,152.0125597152097,56007100
2023-02-10,149.5023193359375,149.82902644753565,147.73019724066455,147.9678065326758,57450700
2023-02-13,152.31394958496094,152.71984461594153,149.413195193509,149.44289446147238,62199000
2023-02-14,151.67042541503906,152.2347417014366,149.35379194828116,150.60120648274088,61707600
2023-02-15,153.7791748046875,153.94747569846558,151.3536388197947,151.58133825179516,65573800
2023-02-16,152.17535400390625,154.76919088525318,151.8189476677602,151.97733873436857,68167900
2023-02-17,151.02694702148438,151.47245120963535,149.34392280711089,150.8289468385779,59144100
2023-02-21,146.99755859375,149.7894107206676,146.92826533516197,148.70038717333577,58867200
2023-02-22,147.4232940673828,148.45290411559392,145.69076597475495,147.38368496565576,51011300
2023-02-23,147.90838623046875,148.83900369928494,145.76996312428713,148.59149969615066,48394200
2023-02-24,145.2452392578125,145.720442659753,144.26511807901926,145.64123957502227,55469600
2023-02-27,146.44314575195312,147.68066559008122,145.97783708430148,146.23525087875586,44998500
2023-02-28,145.93826293945312,147.59158785522064,145.36405184371336,145.58185657335414,50547000
2023-03-01,143.85922241210938,145.76005131760687,143.56221459109048,145.3640509605452,55479000
2023-03-02,144.45323181152344,145.24524759786468,142.46329007120497,142.93850860687647,52238100
2023-03-03,149.5220947265625,149.60129780845313,145.85903905116976,146.56194185497878,70732300
2023-03-06,152.2941436767578,154.7394840935164,151.92784263752011,152.2545345821982,87558000
2023-03-07,150.08642578125,152.49215731620518,149.62111707090608,152.16545023619062,56182000
2023-03-08,151.34371948242188,151.93773504020743,150.31410963622918,151.28432094793195,47204800
2023-03-09,149.0865020751953,152.99706215582498,148.73009571987657,152.02685072996366,53833600
2023-03-10,147.01736450195312,149.43300577006005,146.13625093512175,148.7102983763868,68572400
2023-03-13,148.96771240234375,151.61105337476013,146.2253637849075,146.33426615185107,84457100
2023-03-14,151.0665283203125,151.86843881288326,148.60139830336453,149.7696098588517,73695900
2023-03-15,151.46253967285156,151.71993837140982,148.42318357477492,149.68050801163758,77167900
2023-03-16,154.2939910888672,154.89790141964556,150.1260173130943,150.64082983435895,76161100
2023-03-17,153.45248413085938,155.17511745555205,152.7396713831552,154.52170325241562,98944600
2023-03-20,155.82850646972656,156.24432646768744,152.6109545912959,153.5217825705538,73641400
2023-03-21,157.68975830078125,157.80855539502778,154.97710883273007,155.7493352646716,73938300
2023-03-22,156.2542266845703,160.5211932163919,156.23442213481738,157.70955140928402,75701800
2023-03-23,157.34323120117188,159.9370833205621,156.10571123599644,157.24423866782476,67622100
2023-03-24,158.65008544921875,158.73918327571775,156.27405277056135,157.27396362742726,59196500
2023-03-27,156.69973754882812,159.1648829259014,156.2938273470206,158.34316780021032,52390300
2023-03-28,156.0760498046875,156.9076749038041,154.42272454315156,156.3928622436745,45992200
2023-03-29,159.1648712158203,159.44207447801494,157.75905035570605,157.77883979840226,51305700
2023-03-30,160.73899841308594,160.84790077737682,159.659884598305,159.9172833200629,49501700
2023-03-31,163.25360107421875,163.3526086978247,160.29346346957524,160.81817064051347,68749800
2023-04-03,164.51095581054688,164.62975289569243,162.58042764470542,162.62993146566447,56976200
2023-04-04,163.97634887695312,165.17425973324032,163.46153634610226,164.9366655701128,46278300
2023-04-05,162.125,163.40212898364032,160.1845772758085,163.0952264685397,51511700
2023-04-06,163.01600646972656,163.31301423323083,160.3825607965336,160.80826034261725,45390100
2023-04-10,160.41229248046875,160.41229248046875,158.48176428720794,159.80838211165943,47716900
2023-04-11,159.194580078125,160.73900266239136,158.90746697083827,160.72910794044708,47644200
2023-04-12,158.50157165527344,160.44199460478865,158.18475927615913,159.61038476928212,50133100
2023-04-13,163.9070587158203,164.1446680117871,159.80839277568336,160.0163027979601,68445600
2023-04-14,163.560546875,164.65946521821587,162.18442526560762,162.94672669437054,49386500
2023-04-17,163.58030700683594,163.73871316096566,162.39229106374768,163.44170539858303,41516200
2023-04-18,164.80795288085938,165.73857027099072,163.99613256812546,164.4416518212544,49923000
2023-04-19,165.95639038085938,166.48109766330478,163.8872454167369,164.14465925023921,47720200
2023-04-20,164.98614501953125,166.19396563576217,163.90703130539762,164.43173852810273,52456400
2023-04-21,163.37242126464844,164.7881366917755,162.84771406794957,163.40212053189984,58337300
2023-04-24,163.67933654785156,163.94664508043508,162.25371118266517,163.35262947612597,41949600
2023-04-25,162.1348876953125,164.6495211168813,162.09527860470658,163.54070828298535,48714100
2023-04-26,162.125,163.6298284131595,161.1745931859106,161.43199188421733,45498800
2023-04-27,166.72860717773438,166.87710354316513,163.54075427728802,163.54075427728802,64902300
2023-04-28,167.98590087890625,168.15421688581486,166.2038842356674,166.80779457565893,55209200
2023-05-01,167.89678955078125,168.74820381228082,166.9562774855819,167.58988704485296,52472900
2023-05-02,166.85726928710938,168.64921071415353,165.8672534099648,168.39179691797213,48425700
2023-05-03,165.7781982421875,169.21355542791596,165.49110021081347,167.8077343335882,65136000
2023-05-04,164.13473510742188,165.3722550253471,162.66951575440282,163.24372680909343,81235400
2023-05-05,171.83706665039062,172.55977402605672,169.055109287866,169.27291399392053,113316400
2023-05-08,171.7677764892578,172.11428813282294,170.3916548495959,170.7579559365768,55962800
2023-05-09,170.0550537109375,171.80737116626167,169.88675280256177,171.3222729910744,45326900
2023-05-10,171.82717895507812,172.29248769554175,170.1837487273319,171.29257694818676,53724500
2023-05-11,172.01527404785156,172.84688383352895,170.4510470092042,172.11428168700377,49514700
2023-05-12,171.08338928222656,172.5605438773201,169.52690691086858,172.12433187191172,45497800
2023-05-15,170.58767700195312,171.71785564660993,169.9928397669383,171.66828335580215,37266700
2023-05-16,170.58767700195312,171.64845141401116,170.3199987334625,170.50836436212853,42110300
2023-05-17,171.20233154296875,171.4402543357864,168.9518826544196,170.23077817517168,57951600
2023-05-18,173.54202270507812,173.73038835732433,171.09329948055986,171.50967954625827,65496700
2023-05-19,173.65106201171875,174.8704617599002,173.43295602393476,174.8704617599002,55772400
2023-05-22,172.69932556152344,173.20494177332736,171.95578654636702,172.481219573557,43570900
2023-05-23,170.08206176757812,171.88639029719062,169.80447509030535,171.6385439691014,50747300
2023-05-24,170.35964965820312,170.93465495874622,169.0510289027881,169.61611066863975,45143500
2023-05-25,171.499755859375,172.4019050243478,170.21095188854838,170.92475054539574,56058300
2023-05-26,173.918701171875,174.25578364207266,171.6186953371014,171.82689288847826,54835000
2023-05-30,175.7726287841797,177.44807247659148,175.04892170114425,175.43556138959772,55964400
2023-05-31,175.72305297851562,177.80496826079084,175.23726871202743,175.80236562165695,99625300
2023-06-01,178.53858947753906,178.5683298287558,175.405808045758,176.1691790241155,68901800
2023-06-02,179.39117431640625,180.21402596420296,177.71573067078862,179.4704869589175,61945900
2023-06-05,178.03297424316406,183.35670847100744,176.50623240767692,181.05670243794387,121946500
2023-06-06,177.66619873046875,178.56834802152292,175.90151865689154,178.41964625028925,64848400
2023-06-07,176.28814697265625,179.64894264257165,175.79245430672572,176.90280103766142,61944600
2023-06-08,179.0144500732422,179.28211321134853,175.93124119908015,176.36743802214428,50214900
2023-06-09,179.40110778808594,180.66015634842165,179.0739487923587,179.93644924551378,48870700
2023-06-12,182.20669555664062,182.30584013644759,179.4109969086846,179.70841552076647,54274900
2023-06-13,181.7308349609375,182.5635949733869,180.86833459999627,181.2252339092373,54929100
2023-06-14,182.36534118652344,182.8015531826157,180.45197462688512,181.79033583961464,57462900
2023-06-15,184.40757751464844,184.91319370821412,182.19679249165128,182.37524971506843,65433200
2023-06-16,183.3269805908203,185.37915556544473,182.68258615200966,185.12138568804832,101235600
2023-06-20,183.4162139892578,184.4968356108102,182.8213918043196,182.8213918043196,49799100
2023-06-21,182.375244140625,183.81274978200145,181.01703601018858,183.30713360389032,49515700
2023-06-22,185.3890380859375,185.4386103729254,182.08772345340466,182.15712768065538,51245300
2023-06-23,185.07179260253906,185.94421646985703,183.41618103785228,183.95153754819322,53079300
2023-06-26,183.67396545410156,186.43001547826037,183.63430156934749,185.22052415803645,48088700
2023-06-27,186.43991088867188,186.7670698420573,184.07050070567323,184.28860667459685,50730800
2023-06-28,187.61965942382812,188.26405378835105,185.9838798047539,186.311023626698,51216800
2023-06-29,187.9567413330078,188.43261718372244,187.31234691859044,187.45114025988062,46347300
2023-06-30,192.29901123046875,192.8046122965116,189.61235036422667,189.9791732182635,85069600
2023-07-03,190.80203247070312,192.20979786240994,190.1080506189076,192.11065327577057,31458200
2023-07-05,189.6817626953125,191.31754248795588,188.97787243386384,189.91970062749374,46920300
2023-07-06,190.15762329101562,190.365820872437,187.57010689891024,188.204592923582,45094300
2023-07-07,189.03738403320312,191.01024666740238,188.60118711058462,189.7611063557942,46778000
2023-07-10,186.98519897460938,188.35331565327752,185.42871665150543,187.62959342704087,59922200
2023-07-11,186.45977783203125,187.66926929498567,184.99253159711697,187.53047593664704,46638100
2023-07-12,188.13519287109375,190.04855924155865,186.84638895388292,188.0459566971953,60750200
2023-07-13,188.89857482910156,189.54298444064506,188.14512734155142,188.85892606758472,41342300
2023-07-14,189.0472869873047,189.53305615859267,187.99642086899894,188.59124304090398,41573900
2023-07-17,192.31884765625,192.64600663390738,190.15761974766676,190.24684079775338,50520200
2023-07-18,192.06106567382812,192.65590289157154,190.76235338000512,191.68434955477355,48353800
2023-07-19,193.41928100585938,196.52230675519328,190.99037488225764,191.4365103758755,80507300
2023-07-20,191.46624755859375,194.777470825343,190.84166997972974,193.40935427253197,59581200
2023-07-21,190.2864990234375,193.29039530573385,189.58260879656223,192.42789492586837,71917800
2023-07-24,191.08953857421875,193.2309346993088,190.59384586715203,191.74385657810865,45377800
2023-07-25,191.95201110839844,192.76495429080137,191.25804444496833,191.6645160361698,37283200
2023-07-26,192.82444763183594,193.95462630849192,191.6546201978147,192.0015959886147,47471900
2023-07-27,191.55551147460938,195.50122161040775,190.8912849911783,194.3313939573824,47460200
2023-07-28,194.1429901123047,194.9361013981904,192.46754649179775,192.99297950413737,48291400
2023-07-31,194.7576446533203,194.7973085377491,193.57789369266726,194.37100498050742,38824100
2023-08-01,193.92489624023438,195.03524303340677,193.5977372471017,194.5494738750641,35175100
2023-08-02,190.92098999023438,193.4985827896997,190.1972829299724,193.3597894476311,50389300
2023-08-03,189.5231170654297,190.71277634396813,189.047256379482,189.91968024316816,61235200
2023-08-04,180.42221069335938,185.7657766923876,180.3528064633521,183.92179948550063,115799700
2023-08-07,177.3092803955078,181.5524085909385,175.82220233279125,180.56102321579414,97576100
2023-08-08,178.25106811523438,178.71702038544473,176.05019168536276,178.1420151343907,67823000
2023-08-09,176.65492248535156,179.3713081177234,175.4850801409015,179.3118274290345,60378500
2023-08-10,176.4368438720703,179.1928938087059,176.07003615011226,177.93383023619305,54686900
2023-08-11,176.49639892578125,177.32036168980022,175.26543082107975,176.02983256684112,51988100
2023-08-14,178.15426635742188,178.38258864969947,176.01990054114177,176.6751020557822,43675600
2023-08-15,176.15887451171875,178.174103062697,175.76179096239193,177.57847773870674,43622600
2023-08-16,175.2852783203125,177.2409306015471,175.21578037161723,175.84120131881224,46964900
2023-08-17,172.73399353027344,176.218449670705,172.21777275650916,175.85114660071363,66062900
2023-08-18,173.22042846679688,173.82599075554495,170.70883778094841,171.04636032936088,61114200
2023-08-21,174.5605926513672,174.84849110751958,172.47588124297116,173.79620604217206,46311900
2023-08-22,175.94049072265625,176.38721354501158,174.96762533098521,175.77172944077836,42084200
2023-08-23,179.80218505859375,180.2290643006026,177.032491470534,177.2211114741355,52722800
2023-08-24,175.0966796875,179.78233860000068,174.72936147404116,179.355459364837,54945800
2023-08-25,177.31044006347656,177.84650437604776,174.54074667761984,176.08939374478845,51449600
2023-08-28,178.87896728515625,179.27605088665493,177.25090028258217,178.77968881089737,43820700
2023-08-29,182.78036499023438,183.55468861261488,178.19398428109324,178.3925260808221,53003900
2023-08-30,186.28468322753906,186.48324017846022,183.39586742396716,183.59440922711968,60813900
2023-08-31,186.50306701660156,187.7439721096439,186.11590523348306,186.47328650618994,60794500
2023-09-01,188.08151245117188,188.53815704908098,186.91009015003394,188.11129296200212,45732600
2023-09-05,188.31976318359375,188.59772472633045,186.24497340110617,186.91009674606673,45280000
2023-09-06,181.5791778564453,187.47596172928527,180.14965265723944,187.02922374370715,81755800
2023-09-07,176.26809692382812,176.9133767073295,172.27734161590178,173.90540860928058,112488800
2023-09-08,176.88356018066406,178.92858440411607,176.4963984153427,177.05233659559462,65551300
2023-09-11,178.0549774169922,178.98814040153138,176.0496706936909,178.7598181226865,58953100
2023-09-12,175.0172576904297,178.81939272059032,173.5480302988034,178.18404991763566,90370200
2023-09-13,172.94247436523438,176.00998823848755,172.7141369128852,175.22572770658326,84267900
2023-09-14,174.4613494873047,174.81873079113439,172.31706166432645,172.73400399416633,60895800
2023-09-15,173.73663330078125,175.2157976120051,172.55530438661506,175.1959388893145,109205100
2023-09-18,176.6750946044922,178.0748391046168,174.88818834345716,175.1959303652364,67257600
2023-09-19,177.76710510253906,178.32302815377042,175.84121799808253,176.22837977645918,51826900
2023-09-20,174.21315002441406,178.3925098170354,174.1237933470795,177.95570880879336,58436200
2023-09-21,172.66448974609375,175.01725608596104,172.59500693822505,173.27998896827123,63047900
2023-09-22,173.51821899414062,175.7915654067452,172.7836129384518,173.39909696300535,56725400
2023-09-25,174.79884338378906,175.6823671360894,172.88287819083024,172.93251742028295,46172700
2023-09-26,170.70883178710938,173.92524796713502,170.41101154694528,173.54802313417602,64588900
2023-09-27,169.18995666503906,171.78096710415326,167.8200077433672,171.36402481079512,66921800
2023-09-28,169.4480743408203,170.77832096236608,166.40040416763804,168.1078907839796,56294400
2023-09-29,169.9642791748047,171.81074638236362,169.10059901226265,170.7683831744606,51814200
2023-10-02,172.48580932617188,173.03181060107437,169.6863201427267,169.97421860938772,52164500
2023-10-03,171.14561462402344,172.36667607241205,169.5771240058018,171.0066338674304,49594600
2023-10-04,172.39645385742188,172.9424550881848,169.72602386786275,169.84514590084152,53020300
2023-10-05,173.63735961914062,174.17342391765436,171.42357417816774,172.5254984313363,48527900
2023-10-06,176.1986083984375,176.69497045530053,171.91995474415313,172.53545399514545,57224100
2023-10-09,177.6876983642578,177.7472593887107,174.52090595018925,175.52355187327169,42390800
2023-10-10,177.092041015625,178.41236580749592,176.6552400140717,176.80415770883764,43698000
2023-10-11,178.4917755126953,178.54141474149296,176.30778577549145,176.90341107776567,47551100
2023-10-12,179.3951873779297,181.01331743803624,177.73732472140046,178.759844529376,56743100
2023-10-13,177.54872131347656,180.60629838312414,176.84388049788197,180.10001451689263,51427100
2023-10-16,177.4196319580078,177.77701319881453,175.22570528432323,175.46396449411634,52517000
2023-10-17,175.86106872558594,177.12183257732815,173.5281761730158,175.36470667426025,57549400
2023-10-18,174.5605926513672,176.28793794498117,173.83590833900334,174.30248985254676,54764400
2023-10-19,174.1833953857422,176.54606868924478,173.91535560946087,174.75916209365136,59302900
2023-10-20,171.62213134765625,174.14364366291989,171.3838721325441,174.03444341613093,64189300
2023-10-23,171.74127197265625,172.7439178760632,168.69360166729962,169.66648220683237,55980100
2023-10-24,172.17807006835938,172.4063923696406,170.20254365913797,171.7909082758531,43816600
2023-10-25,169.8551025390625,171.80083332633419,169.4083645680371,170.62942613878033,57157000
2023-10-26,165.67572021484375,170.13305676328346,164.4645956319317,169.1303957533013,70625300
2023-10-27,166.9960479736328,167.73066925493364,165.6161620916175,165.69558183671225,58499100
2023-10-30,169.0509796142578,169.92458166587582,167.64131321590813,167.7902309189435,51131000
2023-10-31,169.52749633789062,169.6565401685357,166.67836791176023,168.11782995408234,44846000
2023-11-01,172.70420837402344,172.9623111800798,168.88221462983017,169.75581666227828,56934900
2023-11-02,176.2780303955078,176.4864939793014,174.18338188289627,174.2429429068373,77334800
2023-11-03,175.36468505859375,175.53346146527645,172.08870804185926,172.97223177840408,79763700
2023-11-06,177.92593383789062,178.1244756256995,174.92791800211177,175.09667927913767,63841300
2023-11-07,180.49708557128906,181.11256960611928,177.66781610245852,177.87627966042598,70530000
2023-11-08,181.55929565429688,182.1152186825965,180.26875139702054,181.02323134779837,49340300
2023-11-09,181.0828094482422,182.78035920210118,180.4871689201494,181.62881074103257,53763500
2023-11-10,185.28756713867188,185.45656593393633,182.43470002292048,182.87207654959846,66133400
2023-11-13,183.6970977783203,184.9197527658604,183.1106225987718,184.71101456121173,43627500
2023-11-14,186.3213653564453,186.98736499365313,185.18816945365924,186.57980822279126,60108400
2023-11-15,186.887939453125,188.36905250310778,186.65931635404164,186.72890587030213,53790500
2023-11-16,188.5778045654297,189.82034448090351,187.52411797622008,188.43864070160558,54412900
2023-11-17,188.55792236328125,189.24380683321974,187.44461143684416,189.11457782649978,50922700
2023-11-20,190.30740356445312,190.76466491067268,188.7467813740569,188.75671623264228,46505100
2023-11-21,189.5022430419922,190.37699597796984,188.60762038854105,190.26765186097265,38134500
2023-11-22,190.16824340820312,191.77857025832532,189.6911123355231,190.34717704028523,39617700
2023-11-24,188.83624267578125,189.76068506922263,188.1205384889839,189.73086532541635,24048300
2023-11-27,188.65731811523438,189.53207108953595,187.77263028176083,188.78654712309,40552600
2023-11-28,189.263671875,189.9396214691522,188.26963995303524,188.64737693705334,38415400
2023-11-29,188.23983764648438,190.9436059381113,187.84223090795535,189.7607054145589,43014200
2023-11-30,188.8163604736328,189.1841625986753,187.06686975200412,188.70701635554832,48794400
2023-12-01,190.09866333007812,190.41674564636727,188.10064953196948,189.19409067360718,45679300
2023-12-04,188.29945373535156,188.91576382150808,186.33127483914026,188.84617430866663,43389500
2023-12-05,192.26565551757812,193.23980256929687,189.0449865799245,189.07482149235318,66628400
2023-12-06,191.17222595214844,193.5976510937421,190.9634725753497,193.28950362567244,41089700
2023-12-07,193.11058044433594,193.8362194805571,192.43463086867496,192.4744006383907,47477700
2023-12-08,194.5419921875,194.8203199094653,192.5141585929263,193.04099429291227,53377300
2023-12-11,192.02708435058594,192.33524699521988,190.27759358324766,191.9575100014726,60943700
2023-12-12,193.5479736328125,193.5579084922386,190.5758125501861,191.92769665062553,52696900
2023-12-13,196.77857971191406,196.81833431777545,193.6871396116279,193.92569758224516,70404200
2023-12-14,196.92767333984375,198.4286561477334,194.9893140401918,196.83821410318075,66831600
2023-12-15,196.39089965820312,197.2159328291742,195.82429416614897,196.3511298862745,128256700
2023-12-18,194.72091674804688,195.45650584640038,193.22986883323685,194.91972010314345,55751900
2023-12-19,195.7646484375,195.77458329630363,194.72091188963017,194.98930475456203,40714100
2023-12-20,193.66725158691406,196.50023361616374,193.66725158691406,195.72488988877126,52242800
2023-12-21,193.51812744140625,195.90381315665195,192.34517705306277,194.92966611931476,46482500
2023-12-22,192.44459533691406,194.24379077463595,191.8183503425399,194.01515250091973,37122800
2023-12-26,191.8978729248047,192.73285613100865,191.67918468017166,192.45452839560733,28919300
2023-12-27,191.9972686767578,192.34518593287333,189.94956524818429,191.34121910492223,48087700
2023-12-28,192.42471313476562,193.4982694967864,192.01715638138543,192.98136861854135,34049900
2023-12-29,191.38096618652344,193.23980104114617,190.58573760932344,192.7427850763616,42628800
